[DEBUG] Read code = 68 (size 10)
[DEBUG] Read code = 75 (size 10)
[DEBUG] Got code = 75
[DEBUG] Normal case: found entry for code 75 = 
[DEBUG] Inserting entry 'K' as code 258
Inserted 'DK' as code 258
[DEBUG] Read code = 43 (size 10)
[DEBUG] Got code = 43
[DEBUG] Normal case: found entry for code 43 = K
[DEBUG] Inserting entry '+' as code 259
Inserted 'K+' as code 259
[DEBUG] Read code = 110 (size 10)
[DEBUG] Got code = 110
[DEBUG] Normal case: found entry for code 110 = +
[DEBUG] Inserting entry 'n' as code 260
Inserted '+n' as code 260
[DEBUG] Read code = 85 (size 10)
[DEBUG] Got code = 85
[DEBUG] Normal case: found entry for code 85 = n
[DEBUG] Inserting entry 'U' as code 261
Inserted 'nU' as code 261
[DEBUG] Read code = 116 (size 10)
[DEBUG] Got code = 116
[DEBUG] Normal case: found entry for code 116 = U
[DEBUG] Inserting entry 't' as code 262
Inserted 'Ut' as code 262
[DEBUG] Read code = 105 (size 10)
[DEBUG] Got code = 105
[DEBUG] Normal case: found entry for code 105 = t
[DEBUG] Inserting entry 'i' as code 263
Inserted 'ti' as code 263
[DEBUG] Read code = 70 (size 10)
[DEBUG] Got code = 70
[DEBUG] Normal case: found entry for code 70 = i
[DEBUG] Inserting entry 'F' as code 264
Inserted 'iF' as code 264
[DEBUG] Read code = 48 (size 10)
[DEBUG] Got code = 48
[DEBUG] Normal case: found entry for code 48 = F
[DEBUG] Inserting entry '0' as code 265
Inserted 'F0' as code 265
[DEBUG] Read code = 83 (size 10)
[DEBUG] Got code = 83
[DEBUG] Normal case: found entry for code 83 = 0
[DEBUG] Inserting entry 'S' as code 266
Inserted '0S' as code 266
[DEBUG] Read code = 99 (size 10)
[DEBUG] Got code = 99
[DEBUG] Normal case: found entry for code 99 = S
[DEBUG] Inserting entry 'c' as code 267
Inserted 'Sc' as code 267
[DEBUG] Read code = 57 (size 10)
[DEBUG] Got code = 57
[DEBUG] Normal case: found entry for code 57 = c
[DEBUG] Inserting entry '9' as code 268
Inserted 'c9' as code 268
[DEBUG] Read code = 115 (size 10)
[DEBUG] Got code = 115
[DEBUG] Normal case: found entry for code 115 = 9
[DEBUG] Inserting entry 's' as code 269
Inserted '9s' as code 269
[DEBUG] Read code = 107 (size 10)
[DEBUG] Got code = 107
[DEBUG] Normal case: found entry for code 107 = s
[DEBUG] Inserting entry 'k' as code 270
Inserted 'sk' as code 270
[DEBUG] Read code = 79 (size 10)
[DEBUG] Got code = 79
[DEBUG] Normal case: found entry for code 79 = k
[DEBUG] Inserting entry 'O' as code 271
Inserted 'kO' as code 271
[DEBUG] Read code = 100 (size 10)
[DEBUG] Got code = 100
[DEBUG] Normal case: found entry for code 100 = O
[DEBUG] Inserting entry 'd' as code 272
Inserted 'Od' as code 272
[DEBUG] Read code = 72 (size 10)
[DEBUG] Got code = 72
[DEBUG] Normal case: found entry for code 72 = d
[DEBUG] Inserting entry 'H' as code 273
Inserted 'dH' as code 273
[DEBUG] Read code = 111 (size 10)
[DEBUG] Got code = 111
[DEBUG] Normal case: found entry for code 111 = H
[DEBUG] Inserting entry 'o' as code 274
Inserted 'Ho' as code 274
[DEBUG] Read code = 52 (size 10)
[DEBUG] Got code = 52
[DEBUG] Normal case: found entry for code 52 = o
[DEBUG] Inserting entry '4' as code 275
Inserted 'o4' as code 275
[DEBUG] Read code = 105 (size 10)
[DEBUG] Got code = 105
[DEBUG] Normal case: found entry for code 105 = 4
[DEBUG] Inserting entry 'i' as code 276
Inserted '4i' as code 276
[DEBUG] Read code = 90 (size 10)
[DEBUG] Got code = 90
[DEBUG] Normal case: found entry for code 90 = i
[DEBUG] Inserting entry 'Z' as code 277
Inserted 'iZ' as code 277
[DEBUG] Read code = 87 (size 10)
[DEBUG] Got code = 87
[DEBUG] Normal case: found entry for code 87 = Z
[DEBUG] Inserting entry 'W' as code 278
Inserted 'ZW' as code 278
[DEBUG] Read code = 115 (size 10)
[DEBUG] Got code = 115
[DEBUG] Normal case: found entry for code 115 = W
[DEBUG] Inserting entry 's' as code 279
Inserted 'Ws' as code 279
[DEBUG] Read code = 56 (size 10)
[DEBUG] Got code = 56
[DEBUG] Normal case: found entry for code 56 = s
[DEBUG] Inserting entry '8' as code 280
Inserted 's8' as code 280
[DEBUG] Read code = 84 (size 10)
[DEBUG] Got code = 84
[DEBUG] Normal case: found entry for code 84 = 8
[DEBUG] Inserting entry 'T' as code 281
Inserted '8T' as code 281
[DEBUG] Read code = 48 (size 10)
[DEBUG] Got code = 48
[DEBUG] Normal case: found entry for code 48 = T
[DEBUG] Inserting entry '0' as code 282
Inserted 'T0' as code 282
[DEBUG] Read code = 99 (size 10)
[DEBUG] Got code = 99
[DEBUG] Normal case: found entry for code 99 = 0
[DEBUG] Inserting entry 'c' as code 283
Inserted '0c' as code 283
[DEBUG] Read code = 48 (size 10)
[DEBUG] Got code = 48
[DEBUG] Normal case: found entry for code 48 = c
[DEBUG] Inserting entry '0' as code 284
Inserted 'c0' as code 284
[DEBUG] Read code = 111 (size 10)
[DEBUG] Got code = 111
[DEBUG] Normal case: found entry for code 111 = 0
[DEBUG] Inserting entry 'o' as code 285
Inserted '0o' as code 285
[DEBUG] Read code = 80 (size 10)
[DEBUG] Got code = 80
[DEBUG] Normal case: found entry for code 80 = o
[DEBUG] Inserting entry 'P' as code 286
Inserted 'oP' as code 286
[DEBUG] Read code = 48 (size 10)
[DEBUG] Got code = 48
[DEBUG] Normal case: found entry for code 48 = P
[DEBUG] Inserting entry '0' as code 287
Inserted 'P0' as code 287
[DEBUG] Read code = 115 (size 10)
[DEBUG] Got code = 115
[DEBUG] Normal case: found entry for code 115 = 0
[DEBUG] Inserting entry 's' as code 288
Inserted '0s' as code 288
[DEBUG] Read code = 85 (size 10)
[DEBUG] Got code = 85
[DEBUG] Normal case: found entry for code 85 = s
[DEBUG] Inserting entry 'U' as code 289
Inserted 'sU' as code 289
[DEBUG] Read code = 84 (size 10)
[DEBUG] Got code = 84
[DEBUG] Normal case: found entry for code 84 = U
[DEBUG] Inserting entry 'T' as code 290
Inserted 'UT' as code 290
[DEBUG] Read code = 90 (size 10)
[DEBUG] Got code = 90
[DEBUG] Normal case: found entry for code 90 = T
[DEBUG] Inserting entry 'Z' as code 291
Inserted 'TZ' as code 291
[DEBUG] Read code = 86 (size 10)
[DEBUG] Got code = 86
[DEBUG] Normal case: found entry for code 86 = Z
[DEBUG] Inserting entry 'V' as code 292
Inserted 'ZV' as code 292
[DEBUG] Read code = 86 (size 10)
[DEBUG] Got code = 86
[DEBUG] Normal case: found entry for code 86 = V
[DEBUG] Inserting entry 'V' as code 293
Inserted 'VV' as code 293
[DEBUG] Read code = 103 (size 10)
[DEBUG] Got code = 103
[DEBUG] Normal case: found entry for code 103 = V
[DEBUG] Inserting entry 'g' as code 294
Inserted 'Vg' as code 294
[DEBUG] Read code = 70 (size 10)
[DEBUG] Got code = 70
[DEBUG] Normal case: found entry for code 70 = g
[DEBUG] Inserting entry 'F' as code 295
Inserted 'gF' as code 295
[DEBUG] Read code = 81 (size 10)
[DEBUG] Got code = 81
[DEBUG] Normal case: found entry for code 81 = F
[DEBUG] Inserting entry 'Q' as code 296
Inserted 'FQ' as code 296
[DEBUG] Read code = 103 (size 10)
[DEBUG] Got code = 103
[DEBUG] Normal case: found entry for code 103 = Q
[DEBUG] Inserting entry 'g' as code 297
Inserted 'Qg' as code 297
[DEBUG] Read code = 51 (size 10)
[DEBUG] Got code = 51
[DEBUG] Normal case: found entry for code 51 = g
[DEBUG] Inserting entry '3' as code 298
Inserted 'g3' as code 298
[DEBUG] Read code = 76 (size 10)
[DEBUG] Got code = 76
[DEBUG] Normal case: found entry for code 76 = 3
[DEBUG] Inserting entry 'L' as code 299
Inserted '3L' as code 299
[DEBUG] Read code = 76 (size 10)
[DEBUG] Got code = 76
[DEBUG] Normal case: found entry for code 76 = L
[DEBUG] Inserting entry 'L' as code 300
Inserted 'LL' as code 300
[DEBUG] Read code = 117 (size 10)
[DEBUG] Got code = 117
[DEBUG] Normal case: found entry for code 117 = L
[DEBUG] Inserting entry 'u' as code 301
Inserted 'Lu' as code 301
[DEBUG] Read code = 115 (size 10)
[DEBUG] Got code = 115
[DEBUG] Normal case: found entry for code 115 = u
[DEBUG] Inserting entry 's' as code 302
Inserted 'us' as code 302
[DEBUG] Read code = 122 (size 10)
[DEBUG] Got code = 122
[DEBUG] Normal case: found entry for code 122 = s
[DEBUG] Inserting entry 'z' as code 303
Inserted 'sz' as code 303
[DEBUG] Read code = 89 (size 10)
[DEBUG] Got code = 89
[DEBUG] Normal case: found entry for code 89 = z
[DEBUG] Inserting entry 'Y' as code 304
Inserted 'zY' as code 304
[DEBUG] Read code = 88 (size 10)
[DEBUG] Got code = 88
[DEBUG] Normal case: found entry for code 88 = Y
[DEBUG] Inserting entry 'X' as code 305
Inserted 'YX' as code 305
[DEBUG] Read code = 53 (size 10)
[DEBUG] Got code = 53
[DEBUG] Normal case: found entry for code 53 = X
[DEBUG] Inserting entry '5' as code 306
Inserted 'X5' as code 306
[DEBUG] Read code = 68 (size 10)
[DEBUG] Got code = 68
[DEBUG] Normal case: found entry for code 68 = 5
[DEBUG] Inserting entry 'D' as code 307
Inserted '5D' as code 307
[DEBUG] Read code = 72 (size 10)
[DEBUG] Got code = 72
[DEBUG] Normal case: found entry for code 72 = D
[DEBUG] Inserting entry 'H' as code 308
Inserted 'DH' as code 308
[DEBUG] Read code = 54 (size 10)
[DEBUG] Got code = 54
[DEBUG] Normal case: found entry for code 54 = H
[DEBUG] Inserting entry '6' as code 309
Inserted 'H6' as code 309
[DEBUG] Read code = 109 (size 10)
[DEBUG] Got code = 109
[DEBUG] Normal case: found entry for code 109 = 6
[DEBUG] Inserting entry 'm' as code 310
Inserted '6m' as code 310
[DEBUG] Read code = 106 (size 10)
[DEBUG] Got code = 106
[DEBUG] Normal case: found entry for code 106 = m
[DEBUG] Inserting entry 'j' as code 311
Inserted 'mj' as code 311
[DEBUG] Read code = 104 (size 10)
[DEBUG] Got code = 104
[DEBUG] Normal case: found entry for code 104 = j
[DEBUG] Inserting entry 'h' as code 312
Inserted 'jh' as code 312
[DEBUG] Read code = 67 (size 10)
[DEBUG] Got code = 67
[DEBUG] Normal case: found entry for code 67 = h
[DEBUG] Inserting entry 'C' as code 313
Inserted 'hC' as code 313
[DEBUG] Read code = 112 (size 10)
[DEBUG] Got code = 112
[DEBUG] Normal case: found entry for code 112 = C
[DEBUG] Inserting entry 'p' as code 314
Inserted 'Cp' as code 314
[DEBUG] Read code = 70 (size 10)
[DEBUG] Got code = 70
[DEBUG] Normal case: found entry for code 70 = p
[DEBUG] Inserting entry 'F' as code 315
Inserted 'pF' as code 315
[DEBUG] Read code = 85 (size 10)
[DEBUG] Got code = 85
[DEBUG] Normal case: found entry for code 85 = F
[DEBUG] Inserting entry 'U' as code 316
Inserted 'FU' as code 316
[DEBUG] Read code = 106 (size 10)
[DEBUG] Got code = 106
[DEBUG] Normal case: found entry for code 106 = U
[DEBUG] Inserting entry 'j' as code 317
Inserted 'Uj' as code 317
[DEBUG] Read code = 73 (size 10)
[DEBUG] Got code = 73
[DEBUG] Normal case: found entry for code 73 = j
[DEBUG] Inserting entry 'I' as code 318
Inserted 'jI' as code 318
[DEBUG] Read code = 116 (size 10)
[DEBUG] Got code = 116
[DEBUG] Normal case: found entry for code 116 = I
[DEBUG] Inserting entry 't' as code 319
Inserted 'It' as code 319
[DEBUG] Read code = 75 (size 10)
[DEBUG] Got code = 75
[DEBUG] Normal case: found entry for code 75 = t
[DEBUG] Inserting entry 'K' as code 320
Inserted 'tK' as code 320
[DEBUG] Read code = 109 (size 10)
[DEBUG] Got code = 109
[DEBUG] Normal case: found entry for code 109 = K
[DEBUG] Inserting entry 'm' as code 321
Inserted 'Km' as code 321
[DEBUG] Read code = 120 (size 10)
[DEBUG] Got code = 120
[DEBUG] Normal case: found entry for code 120 = m
[DEBUG] Inserting entry 'x' as code 322
Inserted 'mx' as code 322
[DEBUG] Read code = 88 (size 10)
[DEBUG] Got code = 88
[DEBUG] Normal case: found entry for code 88 = x
[DEBUG] Inserting entry 'X' as code 323
Inserted 'xX' as code 323
[DEBUG] Read code = 43 (size 10)
[DEBUG] Got code = 43
[DEBUG] Normal case: found entry for code 43 = X
[DEBUG] Inserting entry '+' as code 324
Inserted 'X+' as code 324
[DEBUG] Read code = 50 (size 10)
[DEBUG] Got code = 50
[DEBUG] Normal case: found entry for code 50 = +
[DEBUG] Inserting entry '2' as code 325
Inserted '+2' as code 325
[DEBUG] Read code = 48 (size 10)
[DEBUG] Got code = 48
[DEBUG] Normal case: found entry for code 48 = 2
[DEBUG] Inserting entry '0' as code 326
Inserted '20' as code 326
[DEBUG] Read code = 103 (size 10)
[DEBUG] Got code = 103
[DEBUG] Normal case: found entry for code 103 = 0
[DEBUG] Inserting entry 'g' as code 327
Inserted '0g' as code 327
[DEBUG] Read code = 97 (size 10)
[DEBUG] Got code = 97
[DEBUG] Normal case: found entry for code 97 = g
[DEBUG] Inserting entry 'a' as code 328
Inserted 'ga' as code 328
[DEBUG] Read code = 116 (size 10)
[DEBUG] Got code = 116
[DEBUG] Normal case: found entry for code 116 = a
[DEBUG] Inserting entry 't' as code 329
Inserted 'at' as code 329
[DEBUG] Read code = 111 (size 10)
[DEBUG] Got code = 111
[DEBUG] Normal case: found entry for code 111 = t
[DEBUG] Inserting entry 'o' as code 330
Inserted 'to' as code 330
[DEBUG] Read code = 101 (size 10)
[DEBUG] Got code = 101
[DEBUG] Normal case: found entry for code 101 = o
[DEBUG] Inserting entry 'e' as code 331
Inserted 'oe' as code 331
[DEBUG] Read code = 68 (size 10)
[DEBUG] Got code = 68
[DEBUG] Normal case: found entry for code 68 = e
[DEBUG] Inserting entry 'D' as code 332
Inserted 'eD' as code 332
[DEBUG] Read code = 10 (size 10)
[DEBUG] Got code = 10
[DEBUG] Normal case: found entry for code 10 = D
[DEBUG] Inserting entry '
' as code 333
Inserted 'D
' as code 333
[DEBUG] Read code = 86 (size 10)
[DEBUG] Got code = 86
[DEBUG] Normal case: found entry for code 86 = 

[DEBUG] Inserting entry 'V' as code 334
Inserted '
V' as code 334
[DEBUG] Read code = 105 (size 10)
[DEBUG] Got code = 105
[DEBUG] Normal case: found entry for code 105 = V
[DEBUG] Inserting entry 'i' as code 335
Inserted 'Vi' as code 335
[DEBUG] Read code = 85 (size 10)
[DEBUG] Got code = 85
[DEBUG] Normal case: found entry for code 85 = i
[DEBUG] Inserting entry 'U' as code 336
Inserted 'iU' as code 336
[DEBUG] Read code = 108 (size 10)
[DEBUG] Got code = 108
[DEBUG] Normal case: found entry for code 108 = U
[DEBUG] Inserting entry 'l' as code 337
Inserted 'Ul' as code 337
[DEBUG] Read code = 79 (size 10)
[DEBUG] Got code = 79
[DEBUG] Normal case: found entry for code 79 = l
[DEBUG] Inserting entry 'O' as code 338
Inserted 'lO' as code 338
[DEBUG] Read code = 43 (size 10)
[DEBUG] Got code = 43
[DEBUG] Normal case: found entry for code 43 = O
[DEBUG] Inserting entry '+' as code 339
Inserted 'O+' as code 339
[DEBUG] Read code = 259 (size 10)
[DEBUG] Got code = 259
[DEBUG] Normal case: found entry for code 259 = +
[DEBUG] Inserting entry 'K+' as code 340
Inserted '+K' as code 340
[DEBUG] Read code = 113 (size 10)
[DEBUG] Got code = 113
[DEBUG] Normal case: found entry for code 113 = K+
[DEBUG] Inserting entry 'q' as code 341
Inserted 'K+q' as code 341
[DEBUG] Read code = 84 (size 10)
[DEBUG] Got code = 84
[DEBUG] Normal case: found entry for code 84 = q
[DEBUG] Inserting entry 'T' as code 342
Inserted 'qT' as code 342
[DEBUG] Read code = 86 (size 10)
[DEBUG] Got code = 86
[DEBUG] Normal case: found entry for code 86 = T
[DEBUG] Inserting entry 'V' as code 343
Inserted 'TV' as code 343
[DEBUG] Read code = 83 (size 10)
[DEBUG] Got code = 83
[DEBUG] Normal case: found entry for code 83 = V
[DEBUG] Inserting entry 'S' as code 344
Inserted 'VS' as code 344
[DEBUG] Read code = 85 (size 10)
[DEBUG] Got code = 85
[DEBUG] Normal case: found entry for code 85 = S
[DEBUG] Inserting entry 'U' as code 345
Inserted 'SU' as code 345
[DEBUG] Read code = 107 (size 10)
[DEBUG] Got code = 107
[DEBUG] Normal case: found entry for code 107 = U
[DEBUG] Inserting entry 'k' as code 346
Inserted 'Uk' as code 346
[DEBUG] Read code = 71 (size 10)
[DEBUG] Got code = 71
[DEBUG] Normal case: found entry for code 71 = k
[DEBUG] Inserting entry 'G' as code 347
Inserted 'kG' as code 347
[DEBUG] Read code = 47 (size 10)
[DEBUG] Got code = 47
[DEBUG] Normal case: found entry for code 47 = G
[DEBUG] Inserting entry '/' as code 348
Inserted 'G/' as code 348
[DEBUG] Read code = 83 (size 10)
[DEBUG] Got code = 83
[DEBUG] Normal case: found entry for code 83 = /
[DEBUG] Inserting entry 'S' as code 349
Inserted '/S' as code 349
[DEBUG] Read code = 115 (size 10)
[DEBUG] Got code = 115
[DEBUG] Normal case: found entry for code 115 = S
[DEBUG] Inserting entry 's' as code 350
Inserted 'Ss' as code 350
[DEBUG] Read code = 72 (size 10)
[DEBUG] Got code = 72
[DEBUG] Normal case: found entry for code 72 = s
[DEBUG] Inserting entry 'H' as code 351
Inserted 'sH' as code 351
[DEBUG] Read code = 107 (size 10)
[DEBUG] Got code = 107
[DEBUG] Normal case: found entry for code 107 = H
[DEBUG] Inserting entry 'k' as code 352
Inserted 'Hk' as code 352
[DEBUG] Read code = 90 (size 10)
[DEBUG] Got code = 90
[DEBUG] Normal case: found entry for code 90 = k
[DEBUG] Inserting entry 'Z' as code 353
Inserted 'kZ' as code 353
[DEBUG] Read code = 69 (size 10)
[DEBUG] Got code = 69
[DEBUG] Normal case: found entry for code 69 = Z
[DEBUG] Inserting entry 'E' as code 354
Inserted 'ZE' as code 354
[DEBUG] Read code = 110 (size 10)
[DEBUG] Got code = 110
[DEBUG] Normal case: found entry for code 110 = E
[DEBUG] Inserting entry 'n' as code 355
Inserted 'En' as code 355
[DEBUG] Read code = 118 (size 10)
[DEBUG] Got code = 118
[DEBUG] Normal case: found entry for code 118 = n
[DEBUG] Inserting entry 'v' as code 356
Inserted 'nv' as code 356
[DEBUG] Read code = 77 (size 10)
[DEBUG] Got code = 77
[DEBUG] Normal case: found entry for code 77 = v
[DEBUG] Inserting entry 'M' as code 357
Inserted 'vM' as code 357
[DEBUG] Read code = 48 (size 10)
[DEBUG] Got code = 48
[DEBUG] Normal case: found entry for code 48 = M
[DEBUG] Inserting entry '0' as code 358
Inserted 'M0' as code 358
[DEBUG] Read code = 104 (size 10)
[DEBUG] Got code = 104
[DEBUG] Normal case: found entry for code 104 = 0
[DEBUG] Inserting entry 'h' as code 359
Inserted '0h' as code 359
[DEBUG] Read code = 80 (size 10)
[DEBUG] Got code = 80
[DEBUG] Normal case: found entry for code 80 = h
[DEBUG] Inserting entry 'P' as code 360
Inserted 'hP' as code 360
[DEBUG] Read code = 99 (size 10)
[DEBUG] Got code = 99
[DEBUG] Normal case: found entry for code 99 = P
[DEBUG] Inserting entry 'c' as code 361
Inserted 'Pc' as code 361
[DEBUG] Read code = 51 (size 10)
[DEBUG] Got code = 51
[DEBUG] Normal case: found entry for code 51 = c
[DEBUG] Inserting entry '3' as code 362
Inserted 'c3' as code 362
[DEBUG] Read code = 55 (size 10)
[DEBUG] Got code = 55
[DEBUG] Normal case: found entry for code 55 = 3
[DEBUG] Inserting entry '7' as code 363
Inserted '37' as code 363
[DEBUG] Read code = 72 (size 10)
[DEBUG] Got code = 72
[DEBUG] Normal case: found entry for code 72 = 7
[DEBUG] Inserting entry 'H' as code 364
Inserted '7H' as code 364
[DEBUG] Read code = 121 (size 10)
[DEBUG] Got code = 121
[DEBUG] Normal case: found entry for code 121 = H
[DEBUG] Inserting entry 'y' as code 365
Inserted 'Hy' as code 365
[DEBUG] Read code = 67 (size 10)
[DEBUG] Got code = 67
[DEBUG] Normal case: found entry for code 67 = y
[DEBUG] Inserting entry 'C' as code 366
Inserted 'yC' as code 366
[DEBUG] Read code = 108 (size 10)
[DEBUG] Got code = 108
[DEBUG] Normal case: found entry for code 108 = C
[DEBUG] Inserting entry 'l' as code 367
Inserted 'Cl' as code 367
[DEBUG] Read code = 90 (size 10)
[DEBUG] Got code = 90
[DEBUG] Normal case: found entry for code 90 = l
[DEBUG] Inserting entry 'Z' as code 368
Inserted 'lZ' as code 368
[DEBUG] Read code = 67 (size 10)
[DEBUG] Got code = 67
[DEBUG] Normal case: found entry for code 67 = Z
[DEBUG] Inserting entry 'C' as code 369
Inserted 'ZC' as code 369
[DEBUG] Read code = 53 (size 10)
[DEBUG] Got code = 53
[DEBUG] Normal case: found entry for code 53 = C
[DEBUG] Inserting entry '5' as code 370
Inserted 'C5' as code 370
[DEBUG] Read code = 70 (size 10)
[DEBUG] Got code = 70
[DEBUG] Normal case: found entry for code 70 = 5
[DEBUG] Inserting entry 'F' as code 371
Inserted '5F' as code 371
[DEBUG] Read code = 99 (size 10)
[DEBUG] Got code = 99
[DEBUG] Normal case: found entry for code 99 = F
[DEBUG] Inserting entry 'c' as code 372
Inserted 'Fc' as code 372
[DEBUG] Read code = 75 (size 10)
[DEBUG] Got code = 75
[DEBUG] Normal case: found entry for code 75 = c
[DEBUG] Inserting entry 'K' as code 373
Inserted 'cK' as code 373
[DEBUG] Read code = 78 (size 10)
[DEBUG] Got code = 78
[DEBUG] Normal case: found entry for code 78 = K
[DEBUG] Inserting entry 'N' as code 374
Inserted 'KN' as code 374
[DEBUG] Read code = 120 (size 10)
[DEBUG] Got code = 120
[DEBUG] Normal case: found entry for code 120 = N
[DEBUG] Inserting entry 'x' as code 375
Inserted 'Nx' as code 375
[DEBUG] Read code = 55 (size 10)
[DEBUG] Got code = 55
[DEBUG] Normal case: found entry for code 55 = x
[DEBUG] Inserting entry '7' as code 376
Inserted 'x7' as code 376
[DEBUG] Read code = 87 (size 10)
[DEBUG] Got code = 87
[DEBUG] Normal case: found entry for code 87 = 7
[DEBUG] Inserting entry 'W' as code 377
Inserted '7W' as code 377
[DEBUG] Read code = 101 (size 10)
[DEBUG] Got code = 101
[DEBUG] Normal case: found entry for code 101 = W
[DEBUG] Inserting entry 'e' as code 378
Inserted 'We' as code 378
[DEBUG] Read code = 87 (size 10)
[DEBUG] Got code = 87
[DEBUG] Normal case: found entry for code 87 = e
[DEBUG] Inserting entry 'W' as code 379
Inserted 'eW' as code 379
[DEBUG] Read code = 57 (size 10)
[DEBUG] Got code = 57
[DEBUG] Normal case: found entry for code 57 = W
[DEBUG] Inserting entry '9' as code 380
Inserted 'W9' as code 380
[DEBUG] Read code = 111 (size 10)
[DEBUG] Got code = 111
[DEBUG] Normal case: found entry for code 111 = 9
[DEBUG] Inserting entry 'o' as code 381
Inserted '9o' as code 381
[DEBUG] Read code = 68 (size 10)
[DEBUG] Got code = 68
[DEBUG] Normal case: found entry for code 68 = o
[DEBUG] Inserting entry 'D' as code 382
Inserted 'oD' as code 382
[DEBUG] Read code = 122 (size 10)
[DEBUG] Got code = 122
[DEBUG] Normal case: found entry for code 122 = D
[DEBUG] Inserting entry 'z' as code 383
Inserted 'Dz' as code 383
[DEBUG] Read code = 105 (size 10)
[DEBUG] Got code = 105
[DEBUG] Normal case: found entry for code 105 = z
[DEBUG] Inserting entry 'i' as code 384
Inserted 'zi' as code 384
[DEBUG] Read code = 115 (size 10)
[DEBUG] Got code = 115
[DEBUG] Normal case: found entry for code 115 = i
[DEBUG] Inserting entry 's' as code 385
Inserted 'is' as code 385
[DEBUG] Read code = 120 (size 10)
[DEBUG] Got code = 120
[DEBUG] Normal case: found entry for code 120 = s
[DEBUG] Inserting entry 'x' as code 386
Inserted 'sx' as code 386
[DEBUG] Read code = 121 (size 10)
[DEBUG] Got code = 121
[DEBUG] Normal case: found entry for code 121 = x
[DEBUG] Inserting entry 'y' as code 387
Inserted 'xy' as code 387
[DEBUG] Read code = 86 (size 10)
[DEBUG] Got code = 86
[DEBUG] Normal case: found entry for code 86 = y
[DEBUG] Inserting entry 'V' as code 388
Inserted 'yV' as code 388
[DEBUG] Read code = 97 (size 10)
[DEBUG] Got code = 97
[DEBUG] Normal case: found entry for code 97 = V
[DEBUG] Inserting entry 'a' as code 389
Inserted 'Va' as code 389
[DEBUG] Read code = 106 (size 10)
[DEBUG] Got code = 106
[DEBUG] Normal case: found entry for code 106 = a
[DEBUG] Inserting entry 'j' as code 390
Inserted 'aj' as code 390
[DEBUG] Read code = 105 (size 10)
[DEBUG] Got code = 105
[DEBUG] Normal case: found entry for code 105 = j
[DEBUG] Inserting entry 'i' as code 391
Inserted 'ji' as code 391
[DEBUG] Read code = 49 (size 10)
[DEBUG] Got code = 49
[DEBUG] Normal case: found entry for code 49 = i
[DEBUG] Inserting entry '1' as code 392
Inserted 'i1' as code 392
[DEBUG] Read code = 119 (size 10)
[DEBUG] Got code = 119
[DEBUG] Normal case: found entry for code 119 = 1
[DEBUG] Inserting entry 'w' as code 393
Inserted '1w' as code 393
[DEBUG] Read code = 111 (size 10)
[DEBUG] Got code = 111
[DEBUG] Normal case: found entry for code 111 = w
[DEBUG] Inserting entry 'o' as code 394
Inserted 'wo' as code 394
[DEBUG] Read code = 79 (size 10)
[DEBUG] Got code = 79
[DEBUG] Normal case: found entry for code 79 = o
[DEBUG] Inserting entry 'O' as code 395
Inserted 'oO' as code 395
[DEBUG] Read code = 97 (size 10)
[DEBUG] Got code = 97
[DEBUG] Normal case: found entry for code 97 = O
[DEBUG] Inserting entry 'a' as code 396
Inserted 'Oa' as code 396
[DEBUG] Read code = 71 (size 10)
[DEBUG] Got code = 71
[DEBUG] Normal case: found entry for code 71 = a
[DEBUG] Inserting entry 'G' as code 397
Inserted 'aG' as code 397
[DEBUG] Read code = 99 (size 10)
[DEBUG] Got code = 99
[DEBUG] Normal case: found entry for code 99 = G
[DEBUG] Inserting entry 'c' as code 398
Inserted 'Gc' as code 398
[DEBUG] Read code = 47 (size 10)
[DEBUG] Got code = 47
[DEBUG] Normal case: found entry for code 47 = c
[DEBUG] Inserting entry '/' as code 399
Inserted 'c/' as code 399
[DEBUG] Read code = 102 (size 10)
[DEBUG] Got code = 102
[DEBUG] Normal case: found entry for code 102 = /
[DEBUG] Inserting entry 'f' as code 400
Inserted '/f' as code 400
[DEBUG] Read code = 74 (size 10)
[DEBUG] Got code = 74
[DEBUG] Normal case: found entry for code 74 = f
[DEBUG] Inserting entry 'J' as code 401
Inserted 'fJ' as code 401
[DEBUG] Read code = 99 (size 10)
[DEBUG] Got code = 99
[DEBUG] Normal case: found entry for code 99 = J
[DEBUG] Inserting entry 'c' as code 402
Inserted 'Jc' as code 402
[DEBUG] Read code = 86 (size 10)
[DEBUG] Got code = 86
[DEBUG] Normal case: found entry for code 86 = c
[DEBUG] Inserting entry 'V' as code 403
Inserted 'cV' as code 403
[DEBUG] Read code = 120 (size 10)
[DEBUG] Got code = 120
[DEBUG] Normal case: found entry for code 120 = V
[DEBUG] Inserting entry 'x' as code 404
Inserted 'Vx' as code 404
[DEBUG] Read code = 106 (size 10)
[DEBUG] Got code = 106
[DEBUG] Normal case: found entry for code 106 = x
[DEBUG] Inserting entry 'j' as code 405
Inserted 'xj' as code 405
[DEBUG] Read code = 103 (size 10)
[DEBUG] Got code = 103
[DEBUG] Normal case: found entry for code 103 = j
[DEBUG] Inserting entry 'g' as code 406
Inserted 'jg' as code 406
[DEBUG] Read code = 76 (size 10)
[DEBUG] Got code = 76
[DEBUG] Normal case: found entry for code 76 = g
[DEBUG] Inserting entry 'L' as code 407
Inserted 'gL' as code 407
[DEBUG] Read code = 50 (size 10)
[DEBUG] Got code = 50
[DEBUG] Normal case: found entry for code 50 = L
[DEBUG] Inserting entry '2' as code 408
Inserted 'L2' as code 408
[DEBUG] Read code = 10 (size 10)
[DEBUG] Got code = 10
[DEBUG] Normal case: found entry for code 10 = 2
[DEBUG] Inserting entry '
' as code 409
Inserted '2
' as code 409
[DEBUG] Read code = 103 (size 10)
[DEBUG] Got code = 103
[DEBUG] Normal case: found entry for code 103 = 

[DEBUG] Inserting entry 'g' as code 410
Inserted '
g' as code 410
[DEBUG] Read code = 80 (size 10)
[DEBUG] Got code = 80
[DEBUG] Normal case: found entry for code 80 = g
[DEBUG] Inserting entry 'P' as code 411
Inserted 'gP' as code 411
[DEBUG] Read code = 111 (size 10)
[DEBUG] Got code = 111
[DEBUG] Normal case: found entry for code 111 = P
[DEBUG] Inserting entry 'o' as code 412
Inserted 'Po' as code 412
[DEBUG] Read code = 56 (size 10)
[DEBUG] Got code = 56
[DEBUG] Normal case: found entry for code 56 = o
[DEBUG] Inserting entry '8' as code 413
Inserted 'o8' as code 413
[DEBUG] Read code = 47 (size 10)
[DEBUG] Got code = 47
[DEBUG] Normal case: found entry for code 47 = 8
[DEBUG] Inserting entry '/' as code 414
Inserted '8/' as code 414
[DEBUG] Read code = 101 (size 10)
[DEBUG] Got code = 101
[DEBUG] Normal case: found entry for code 101 = /
[DEBUG] Inserting entry 'e' as code 415
Inserted '/e' as code 415
[DEBUG] Read code = 55 (size 10)
[DEBUG] Got code = 55
[DEBUG] Normal case: found entry for code 55 = e
[DEBUG] Inserting entry '7' as code 416
Inserted 'e7' as code 416
[DEBUG] Read code = 53 (size 10)
[DEBUG] Got code = 53
[DEBUG] Normal case: found entry for code 53 = 7
[DEBUG] Inserting entry '5' as code 417
Inserted '75' as code 417
[DEBUG] Read code = 106 (size 10)
[DEBUG] Got code = 106
[DEBUG] Normal case: found entry for code 106 = 5
[DEBUG] Inserting entry 'j' as code 418
Inserted '5j' as code 418
[DEBUG] Read code = 90 (size 10)
[DEBUG] Got code = 90
[DEBUG] Normal case: found entry for code 90 = j
[DEBUG] Inserting entry 'Z' as code 419
Inserted 'jZ' as code 419
[DEBUG] Read code = 83 (size 10)
[DEBUG] Got code = 83
[DEBUG] Normal case: found entry for code 83 = Z
[DEBUG] Inserting entry 'S' as code 420
Inserted 'ZS' as code 420
[DEBUG] Read code = 102 (size 10)
[DEBUG] Got code = 102
[DEBUG] Normal case: found entry for code 102 = S
[DEBUG] Inserting entry 'f' as code 421
Inserted 'Sf' as code 421
[DEBUG] Read code = 68 (size 10)
[DEBUG] Got code = 68
[DEBUG] Normal case: found entry for code 68 = f
[DEBUG] Inserting entry 'D' as code 422
Inserted 'fD' as code 422
[DEBUG] Read code = 118 (size 10)
[DEBUG] Got code = 118
[DEBUG] Normal case: found entry for code 118 = D
[DEBUG] Inserting entry 'v' as code 423
Inserted 'Dv' as code 423
[DEBUG] Read code = 270 (size 10)
[DEBUG] Got code = 270
[DEBUG] Normal case: found entry for code 270 = v
[DEBUG] Inserting entry 'sk' as code 424
Inserted 'vs' as code 424
[DEBUG] Read code = 97 (size 10)
[DEBUG] Got code = 97
[DEBUG] Normal case: found entry for code 97 = sk
[DEBUG] Inserting entry 'a' as code 425
Inserted 'ska' as code 425
[DEBUG] Read code = 84 (size 10)
[DEBUG] Got code = 84
[DEBUG] Normal case: found entry for code 84 = a
[DEBUG] Inserting entry 'T' as code 426
Inserted 'aT' as code 426
[DEBUG] Read code = 97 (size 10)
[DEBUG] Got code = 97
[DEBUG] Normal case: found entry for code 97 = T
[DEBUG] Inserting entry 'a' as code 427
Inserted 'Ta' as code 427
[DEBUG] Read code = 109 (size 10)
[DEBUG] Got code = 109
[DEBUG] Normal case: found entry for code 109 = a
[DEBUG] Inserting entry 'm' as code 428
Inserted 'am' as code 428
[DEBUG] Read code = 70 (size 10)
[DEBUG] Got code = 70
[DEBUG] Normal case: found entry for code 70 = m
[DEBUG] Inserting entry 'F' as code 429
Inserted 'mF' as code 429
[DEBUG] Read code = 107 (size 10)
[DEBUG] Got code = 107
[DEBUG] Normal case: found entry for code 107 = F
[DEBUG] Inserting entry 'k' as code 430
Inserted 'Fk' as code 430
[DEBUG] Read code = 77 (size 10)
[DEBUG] Got code = 77
[DEBUG] Normal case: found entry for code 77 = k
[DEBUG] Inserting entry 'M' as code 431
Inserted 'kM' as code 431
[DEBUG] Read code = 349 (size 10)
[DEBUG] Got code = 349
[DEBUG] Normal case: found entry for code 349 = M
[DEBUG] Inserting entry '/S' as code 432
Inserted 'M/' as code 432
[DEBUG] Read code = 70 (size 10)
[DEBUG] Got code = 70
[DEBUG] Normal case: found entry for code 70 = /S
[DEBUG] Inserting entry 'F' as code 433
Inserted '/SF' as code 433
[DEBUG] Read code = 75 (size 10)
[DEBUG] Got code = 75
[DEBUG] Normal case: found entry for code 75 = F
[DEBUG] Inserting entry 'K' as code 434
Inserted 'FK' as code 434
[DEBUG] Read code = 122 (size 10)
[DEBUG] Got code = 122
[DEBUG] Normal case: found entry for code 122 = K
[DEBUG] Inserting entry 'z' as code 435
Inserted 'Kz' as code 435
[DEBUG] Read code = 112 (size 10)
[DEBUG] Got code = 112
[DEBUG] Normal case: found entry for code 112 = z
[DEBUG] Inserting entry 'p' as code 436
Inserted 'zp' as code 436
[DEBUG] Read code = 86 (size 10)
[DEBUG] Got code = 86
[DEBUG] Normal case: found entry for code 86 = p
[DEBUG] Inserting entry 'V' as code 437
Inserted 'pV' as code 437
[DEBUG] Read code = 71 (size 10)
[DEBUG] Got code = 71
[DEBUG] Normal case: found entry for code 71 = V
[DEBUG] Inserting entry 'G' as code 438
Inserted 'VG' as code 438
[DEBUG] Read code = 55 (size 10)
[DEBUG] Got code = 55
[DEBUG] Normal case: found entry for code 55 = G
[DEBUG] Inserting entry '7' as code 439
Inserted 'G7' as code 439
[DEBUG] Read code = 89 (size 10)
[DEBUG] Got code = 89
[DEBUG] Normal case: found entry for code 89 = 7
[DEBUG] Inserting entry 'Y' as code 440
Inserted '7Y' as code 440
[DEBUG] Read code = 73 (size 10)
[DEBUG] Got code = 73
[DEBUG] Normal case: found entry for code 73 = Y
[DEBUG] Inserting entry 'I' as code 441
Inserted 'YI' as code 441
[DEBUG] Read code = 87 (size 10)
[DEBUG] Got code = 87
[DEBUG] Normal case: found entry for code 87 = I
[DEBUG] Inserting entry 'W' as code 442
Inserted 'IW' as code 442
[DEBUG] Read code = 65 (size 10)
[DEBUG] Got code = 65
[DEBUG] Normal case: found entry for code 65 = W
[DEBUG] Inserting entry 'A' as code 443
Inserted 'WA' as code 443
[DEBUG] Read code = 76 (size 10)
[DEBUG] Got code = 76
[DEBUG] Normal case: found entry for code 76 = A
[DEBUG] Inserting entry 'L' as code 444
Inserted 'AL' as code 444
[DEBUG] Read code = 69 (size 10)
[DEBUG] Got code = 69
[DEBUG] Normal case: found entry for code 69 = L
[DEBUG] Inserting entry 'E' as code 445
Inserted 'LE' as code 445
[DEBUG] Read code = 71 (size 10)
[DEBUG] Got code = 71
[DEBUG] Normal case: found entry for code 71 = E
[DEBUG] Inserting entry 'G' as code 446
Inserted 'EG' as code 446
[DEBUG] Read code = 100 (size 10)
[DEBUG] Got code = 100
[DEBUG] Normal case: found entry for code 100 = G
[DEBUG] Inserting entry 'd' as code 447
Inserted 'Gd' as code 447
[DEBUG] Read code = 83 (size 10)
[DEBUG] Got code = 83
[DEBUG] Normal case: found entry for code 83 = d
[DEBUG] Inserting entry 'S' as code 448
Inserted 'dS' as code 448
[DEBUG] Read code = 57 (size 10)
[DEBUG] Got code = 57
[DEBUG] Normal case: found entry for code 57 = S
[DEBUG] Inserting entry '9' as code 449
Inserted 'S9' as code 449
[DEBUG] Read code = 329 (size 10)
[DEBUG] Got code = 329
[DEBUG] Normal case: found entry for code 329 = 9
[DEBUG] Inserting entry 'at' as code 450
Inserted '9a' as code 450
[DEBUG] Read code = 74 (size 10)
[DEBUG] Got code = 74
[DEBUG] Normal case: found entry for code 74 = at
[DEBUG] Inserting entry 'J' as code 451
Inserted 'atJ' as code 451
[DEBUG] Read code = 101 (size 10)
[DEBUG] Got code = 101
[DEBUG] Normal case: found entry for code 101 = J
[DEBUG] Inserting entry 'e' as code 452
Inserted 'Je' as code 452
[DEBUG] Read code = 79 (size 10)
[DEBUG] Got code = 79
[DEBUG] Normal case: found entry for code 79 = e
[DEBUG] Inserting entry 'O' as code 453
Inserted 'eO' as code 453
[DEBUG] Read code = 112 (size 10)
[DEBUG] Got code = 112
[DEBUG] Normal case: found entry for code 112 = O
[DEBUG] Inserting entry 'p' as code 454
Inserted 'Op' as code 454
[DEBUG] Read code = 116 (size 10)
[DEBUG] Got code = 116
[DEBUG] Normal case: found entry for code 116 = p
[DEBUG] Inserting entry 't' as code 455
Inserted 'pt' as code 455
[DEBUG] Read code = 79 (size 10)
[DEBUG] Got code = 79
[DEBUG] Normal case: found entry for code 79 = t
[DEBUG] Inserting entry 'O' as code 456
Inserted 'tO' as code 456
[DEBUG] Read code = 113 (size 10)
[DEBUG] Got code = 113
[DEBUG] Normal case: found entry for code 113 = O
[DEBUG] Inserting entry 'q' as code 457
Inserted 'Oq' as code 457
[DEBUG] Read code = 102 (size 10)
[DEBUG] Got code = 102
[DEBUG] Normal case: found entry for code 102 = q
[DEBUG] Inserting entry 'f' as code 458
Inserted 'qf' as code 458
[DEBUG] Read code = 82 (size 10)
[DEBUG] Got code = 82
[DEBUG] Normal case: found entry for code 82 = f
[DEBUG] Inserting entry 'R' as code 459
Inserted 'fR' as code 459
[DEBUG] Read code = 110 (size 10)
[DEBUG] Got code = 110
[DEBUG] Normal case: found entry for code 110 = R
[DEBUG] Inserting entry 'n' as code 460
Inserted 'Rn' as code 460
[DEBUG] Read code = 102 (size 10)
[DEBUG] Got code = 102
[DEBUG] Normal case: found entry for code 102 = n
[DEBUG] Inserting entry 'f' as code 461
Inserted 'nf' as code 461
[DEBUG] Read code = 79 (size 10)
[DEBUG] Got code = 79
[DEBUG] Normal case: found entry for code 79 = f
[DEBUG] Inserting entry 'O' as code 462
Inserted 'fO' as code 462
[DEBUG] Read code = 83 (size 10)
[DEBUG] Got code = 83
[DEBUG] Normal case: found entry for code 83 = O
[DEBUG] Inserting entry 'S' as code 463
Inserted 'OS' as code 463
[DEBUG] Read code = 52 (size 10)
[DEBUG] Got code = 52
[DEBUG] Normal case: found entry for code 52 = S
[DEBUG] Inserting entry '4' as code 464
Inserted 'S4' as code 464
[DEBUG] Read code = 329 (size 10)
[DEBUG] Got code = 329
[DEBUG] Normal case: found entry for code 329 = 4
[DEBUG] Inserting entry 'at' as code 465
Inserted '4a' as code 465
[DEBUG] Read code = 88 (size 10)
[DEBUG] Got code = 88
[DEBUG] Normal case: found entry for code 88 = at
[DEBUG] Inserting entry 'X' as code 466
Inserted 'atX' as code 466
[DEBUG] Read code = 65 (size 10)
[DEBUG] Got code = 65
[DEBUG] Normal case: found entry for code 65 = X
[DEBUG] Inserting entry 'A' as code 467
Inserted 'XA' as code 467
[DEBUG] Read code = 72 (size 10)
[DEBUG] Got code = 72
[DEBUG] Normal case: found entry for code 72 = A
[DEBUG] Inserting entry 'H' as code 468
Inserted 'AH' as code 468
[DEBUG] Read code = 88 (size 10)
[DEBUG] Got code = 88
[DEBUG] Normal case: found entry for code 88 = H
[DEBUG] Inserting entry 'X' as code 469
Inserted 'HX' as code 469
[DEBUG] Read code = 90 (size 10)
[DEBUG] Got code = 90
[DEBUG] Normal case: found entry for code 90 = X
[DEBUG] Inserting entry 'Z' as code 470
Inserted 'XZ' as code 470
[DEBUG] Read code = 74 (size 10)
[DEBUG] Got code = 74
[DEBUG] Normal case: found entry for code 74 = Z
[DEBUG] Inserting entry 'J' as code 471
Inserted 'ZJ' as code 471
[DEBUG] Read code = 65 (size 10)
[DEBUG] Got code = 65
[DEBUG] Normal case: found entry for code 65 = J
[DEBUG] Inserting entry 'A' as code 472
Inserted 'JA' as code 472
[DEBUG] Read code = 122 (size 10)
[DEBUG] Got code = 122
[DEBUG] Normal case: found entry for code 122 = A
[DEBUG] Inserting entry 'z' as code 473
Inserted 'Az' as code 473
[DEBUG] Read code = 104 (size 10)
[DEBUG] Got code = 104
[DEBUG] Normal case: found entry for code 104 = z
[DEBUG] Inserting entry 'h' as code 474
Inserted 'zh' as code 474
[DEBUG] Read code = 101 (size 10)
[DEBUG] Got code = 101
[DEBUG] Normal case: found entry for code 101 = h
[DEBUG] Inserting entry 'e' as code 475
Inserted 'he' as code 475
[DEBUG] Read code = 99 (size 10)
[DEBUG] Got code = 99
[DEBUG] Normal case: found entry for code 99 = e
[DEBUG] Inserting entry 'c' as code 476
Inserted 'ec' as code 476
[DEBUG] Read code = 80 (size 10)
[DEBUG] Got code = 80
[DEBUG] Normal case: found entry for code 80 = c
[DEBUG] Inserting entry 'P' as code 477
Inserted 'cP' as code 477
[DEBUG] Read code = 67 (size 10)
[DEBUG] Got code = 67
[DEBUG] Normal case: found entry for code 67 = P
[DEBUG] Inserting entry 'C' as code 478
Inserted 'PC' as code 478
[DEBUG] Read code = 48 (size 10)
[DEBUG] Got code = 48
[DEBUG] Normal case: found entry for code 48 = C
[DEBUG] Inserting entry '0' as code 479
Inserted 'C0' as code 479
[DEBUG] Read code = 106 (size 10)
[DEBUG] Got code = 106
[DEBUG] Normal case: found entry for code 106 = 0
[DEBUG] Inserting entry 'j' as code 480
Inserted '0j' as code 480
[DEBUG] Read code = 48 (size 10)
[DEBUG] Got code = 48
[DEBUG] Normal case: found entry for code 48 = j
[DEBUG] Inserting entry '0' as code 481
Inserted 'j0' as code 481
[DEBUG] Read code = 10 (size 10)
[DEBUG] Got code = 10
[DEBUG] Normal case: found entry for code 10 = 0
[DEBUG] Inserting entry '
' as code 482
Inserted '0
' as code 482
[DEBUG] Read code = 83 (size 10)
[DEBUG] Got code = 83
[DEBUG] Normal case: found entry for code 83 = 

[DEBUG] Inserting entry 'S' as code 483
Inserted '
S' as code 483
[DEBUG] Read code = 67 (size 10)
[DEBUG] Got code = 67
[DEBUG] Normal case: found entry for code 67 = S
[DEBUG] Inserting entry 'C' as code 484
Inserted 'SC' as code 484
[DEBUG] Read code = 88 (size 10)
[DEBUG] Got code = 88
[DEBUG] Normal case: found entry for code 88 = C
[DEBUG] Inserting entry 'X' as code 485
Inserted 'CX' as code 485
[DEBUG] Read code = 67 (size 10)
[DEBUG] Got code = 67
[DEBUG] Normal case: found entry for code 67 = X
[DEBUG] Inserting entry 'C' as code 486
Inserted 'XC' as code 486
[DEBUG] Read code = 47 (size 10)
[DEBUG] Got code = 47
[DEBUG] Normal case: found entry for code 47 = C
[DEBUG] Inserting entry '/' as code 487
Inserted 'C/' as code 487
[DEBUG] Read code = 116 (size 10)
[DEBUG] Got code = 116
[DEBUG] Normal case: found entry for code 116 = /
[DEBUG] Inserting entry 't' as code 488
Inserted '/t' as code 488
[DEBUG] Read code = 76 (size 10)
[DEBUG] Got code = 76
[DEBUG] Normal case: found entry for code 76 = t
[DEBUG] Inserting entry 'L' as code 489
Inserted 'tL' as code 489
[DEBUG] Read code = 49 (size 10)
[DEBUG] Got code = 49
[DEBUG] Normal case: found entry for code 49 = L
[DEBUG] Inserting entry '1' as code 490
Inserted 'L1' as code 490
[DEBUG] Read code = 121 (size 10)
[DEBUG] Got code = 121
[DEBUG] Normal case: found entry for code 121 = 1
[DEBUG] Inserting entry 'y' as code 491
Inserted '1y' as code 491
[DEBUG] Read code = 71 (size 10)
[DEBUG] Got code = 71
[DEBUG] Normal case: found entry for code 71 = y
[DEBUG] Inserting entry 'G' as code 492
Inserted 'yG' as code 492
[DEBUG] Read code = 104 (size 10)
[DEBUG] Got code = 104
[DEBUG] Normal case: found entry for code 104 = G
[DEBUG] Inserting entry 'h' as code 493
Inserted 'Gh' as code 493
[DEBUG] Read code = 56 (size 10)
[DEBUG] Got code = 56
[DEBUG] Normal case: found entry for code 56 = h
[DEBUG] Inserting entry '8' as code 494
Inserted 'h8' as code 494
[DEBUG] Read code = 107 (size 10)
[DEBUG] Got code = 107
[DEBUG] Normal case: found entry for code 107 = 8
[DEBUG] Inserting entry 'k' as code 495
Inserted '8k' as code 495
[DEBUG] Read code = 78 (size 10)
[DEBUG] Got code = 78
[DEBUG] Normal case: found entry for code 78 = k
[DEBUG] Inserting entry 'N' as code 496
Inserted 'kN' as code 496
[DEBUG] Read code = 110 (size 10)
[DEBUG] Got code = 110
[DEBUG] Normal case: found entry for code 110 = N
[DEBUG] Inserting entry 'n' as code 497
Inserted 'Nn' as code 497
[DEBUG] Read code = 55 (size 10)
[DEBUG] Got code = 55
[DEBUG] Normal case: found entry for code 55 = n
[DEBUG] Inserting entry '7' as code 498
Inserted 'n7' as code 498
[DEBUG] Read code = 82 (size 10)
[DEBUG] Got code = 82
[DEBUG] Normal case: found entry for code 82 = 7
[DEBUG] Inserting entry 'R' as code 499
Inserted '7R' as code 499
[DEBUG] Read code = 47 (size 10)
[DEBUG] Got code = 47
[DEBUG] Normal case: found entry for code 47 = R
[DEBUG] Inserting entry '/' as code 500
Inserted 'R/' as code 500
[DEBUG] Read code = 57 (size 10)
[DEBUG] Got code = 57
[DEBUG] Normal case: found entry for code 57 = /
[DEBUG] Inserting entry '9' as code 501
Inserted '/9' as code 501
[DEBUG] Read code = 81 (size 10)
[DEBUG] Got code = 81
[DEBUG] Normal case: found entry for code 81 = 9
[DEBUG] Inserting entry 'Q' as code 502
Inserted '9Q' as code 502
[DEBUG] Read code = 354 (size 10)
[DEBUG] Got code = 354
[DEBUG] Normal case: found entry for code 354 = Q
[DEBUG] Inserting entry 'ZE' as code 503
Inserted 'QZ' as code 503
[DEBUG] Read code = 101 (size 10)
[DEBUG] Got code = 101
[DEBUG] Normal case: found entry for code 101 = ZE
[DEBUG] Inserting entry 'e' as code 504
Inserted 'ZEe' as code 504
[DEBUG] Read code = 73 (size 10)
[DEBUG] Got code = 73
[DEBUG] Normal case: found entry for code 73 = e
[DEBUG] Inserting entry 'I' as code 505
Inserted 'eI' as code 505
[DEBUG] Read code = 374 (size 10)
[DEBUG] Got code = 374
[DEBUG] Normal case: found entry for code 374 = I
[DEBUG] Inserting entry 'KN' as code 506
Inserted 'IK' as code 506
[DEBUG] Read code = 120 (size 10)
[DEBUG] Got code = 120
[DEBUG] Normal case: found entry for code 120 = KN
[DEBUG] Inserting entry 'x' as code 507
Inserted 'KNx' as code 507
[DEBUG] Read code = 100 (size 10)
[DEBUG] Got code = 100
[DEBUG] Normal case: found entry for code 100 = x
[DEBUG] Inserting entry 'd' as code 508
Inserted 'xd' as code 508
[DEBUG] Read code = 69 (size 10)
[DEBUG] Got code = 69
[DEBUG] Normal case: found entry for code 69 = d
[DEBUG] Inserting entry 'E' as code 509
Inserted 'dE' as code 509
[DEBUG] Read code = 89 (size 10)
[DEBUG] Got code = 89
[DEBUG] Normal case: found entry for code 89 = E
[DEBUG] Inserting entry 'Y' as code 510
Inserted 'EY' as code 510
[DEBUG] Read code = 99 (size 10)
[DEBUG] Got code = 99
[DEBUG] Normal case: found entry for code 99 = Y
[DEBUG] Inserting entry 'c' as code 511
Inserted 'Yc' as code 511
[DEBUG] Read code = 106 (size 10)
[DEBUG] Got code = 106
[DEBUG] Normal case: found entry for code 106 = c
[DEBUG] Inserting entry 'j' as code 512
Inserted 'cj' as code 512
[DEBUG] Read code = 76 (size 10)
[DEBUG] Got code = 76
[DEBUG] Normal case: found entry for code 76 = j
[DEBUG] Inserting entry 'L' as code 513
Inserted 'jL' as code 513
[DEBUG] Read code = 98 (size 10)
[DEBUG] Got code = 98
[DEBUG] Normal case: found entry for code 98 = L
[DEBUG] Inserting entry 'b' as code 514
Inserted 'Lb' as code 514
[DEBUG] Read code = 97 (size 10)
[DEBUG] Got code = 97
[DEBUG] Normal case: found entry for code 97 = b
[DEBUG] Inserting entry 'a' as code 515
Inserted 'ba' as code 515
[DEBUG] Read code = 67 (size 10)
[DEBUG] Got code = 67
[DEBUG] Normal case: found entry for code 67 = a
[DEBUG] Inserting entry 'C' as code 516
Inserted 'aC' as code 516
[DEBUG] Read code = 107 (size 10)
[DEBUG] Got code = 107
[DEBUG] Normal case: found entry for code 107 = C
[DEBUG] Inserting entry 'k' as code 517
Inserted 'Ck' as code 517
[DEBUG] Read code = 66 (size 10)
[DEBUG] Got code = 66
[DEBUG] Normal case: found entry for code 66 = k
[DEBUG] Inserting entry 'B' as code 518
Inserted 'kB' as code 518
[DEBUG] Read code = 90 (size 10)
[DEBUG] Got code = 90
[DEBUG] Normal case: found entry for code 90 = B
[DEBUG] Inserting entry 'Z' as code 519
Inserted 'BZ' as code 519
[DEBUG] Read code = 71 (size 10)
[DEBUG] Got code = 71
[DEBUG] Normal case: found entry for code 71 = Z
[DEBUG] Inserting entry 'G' as code 520
Inserted 'ZG' as code 520
[DEBUG] Read code = 74 (size 10)
[DEBUG] Got code = 74
[DEBUG] Normal case: found entry for code 74 = G
[DEBUG] Inserting entry 'J' as code 521
Inserted 'GJ' as code 521
[DEBUG] Read code = 118 (size 10)
[DEBUG] Got code = 118
[DEBUG] Normal case: found entry for code 118 = J
[DEBUG] Inserting entry 'v' as code 522
Inserted 'Jv' as code 522
[DEBUG] Read code = 116 (size 10)
[DEBUG] Got code = 116
[DEBUG] Normal case: found entry for code 116 = v
[DEBUG] Inserting entry 't' as code 523
Inserted 'vt' as code 523
[DEBUG] Read code = 86 (size 10)
[DEBUG] Got code = 86
[DEBUG] Normal case: found entry for code 86 = t
[DEBUG] Inserting entry 'V' as code 524
Inserted 'tV' as code 524
[DEBUG] Read code = 101 (size 10)
[DEBUG] Got code = 101
[DEBUG] Normal case: found entry for code 101 = V
[DEBUG] Inserting entry 'e' as code 525
Inserted 'Ve' as code 525
[DEBUG] Read code = 112 (size 10)
[DEBUG] Got code = 112
[DEBUG] Normal case: found entry for code 112 = e
[DEBUG] Inserting entry 'p' as code 526
Inserted 'ep' as code 526
[DEBUG] Read code = 439 (size 10)
[DEBUG] Got code = 439
[DEBUG] Normal case: found entry for code 439 = p
[DEBUG] Inserting entry 'G7' as code 527
Inserted 'pG' as code 527
[DEBUG] Read code = 71 (size 10)
[DEBUG] Got code = 71
[DEBUG] Normal case: found entry for code 71 = G7
[DEBUG] Inserting entry 'G' as code 528
Inserted 'G7G' as code 528
[DEBUG] Read code = 119 (size 10)
[DEBUG] Got code = 119
[DEBUG] Normal case: found entry for code 119 = G
[DEBUG] Inserting entry 'w' as code 529
Inserted 'Gw' as code 529
[DEBUG] Read code = 112 (size 10)
[DEBUG] Got code = 112
[DEBUG] Normal case: found entry for code 112 = w
[DEBUG] Inserting entry 'p' as code 530
Inserted 'wp' as code 530
[DEBUG] Read code = 98 (size 10)
[DEBUG] Got code = 98
[DEBUG] Normal case: found entry for code 98 = p
[DEBUG] Inserting entry 'b' as code 531
Inserted 'pb' as code 531
[DEBUG] Read code = 75 (size 10)
[DEBUG] Got code = 75
[DEBUG] Normal case: found entry for code 75 = b
[DEBUG] Inserting entry 'K' as code 532
Inserted 'bK' as code 532
[DEBUG] Read code = 49 (size 10)
[DEBUG] Got code = 49
[DEBUG] Normal case: found entry for code 49 = K
[DEBUG] Inserting entry '1' as code 533
Inserted 'K1' as code 533
[DEBUG] Read code = 98 (size 10)
[DEBUG] Got code = 98
[DEBUG] Normal case: found entry for code 98 = 1
[DEBUG] Inserting entry 'b' as code 534
Inserted '1b' as code 534
[DEBUG] Read code = 54 (size 10)
[DEBUG] Got code = 54
[DEBUG] Normal case: found entry for code 54 = b
[DEBUG] Inserting entry '6' as code 535
Inserted 'b6' as code 535
[DEBUG] Read code = 57 (size 10)
[DEBUG] Got code = 57
[DEBUG] Normal case: found entry for code 57 = 6
[DEBUG] Inserting entry '9' as code 536
Inserted '69' as code 536
[DEBUG] Read code = 98 (size 10)
[DEBUG] Got code = 98
[DEBUG] Normal case: found entry for code 98 = 9
[DEBUG] Inserting entry 'b' as code 537
Inserted '9b' as code 537
[DEBUG] Read code = 106 (size 10)
[DEBUG] Got code = 106
[DEBUG] Normal case: found entry for code 106 = b
[DEBUG] Inserting entry 'j' as code 538
Inserted 'bj' as code 538
[DEBUG] Read code = 106 (size 10)
[DEBUG] Got code = 106
[DEBUG] Normal case: found entry for code 106 = j
[DEBUG] Inserting entry 'j' as code 539
Inserted 'jj' as code 539
[DEBUG] Read code = 118 (size 10)
[DEBUG] Got code = 118
[DEBUG] Normal case: found entry for code 118 = j
[DEBUG] Inserting entry 'v' as code 540
Inserted 'jv' as code 540
[DEBUG] Read code = 68 (size 10)
[DEBUG] Got code = 68
[DEBUG] Normal case: found entry for code 68 = v
[DEBUG] Inserting entry 'D' as code 541
Inserted 'vD' as code 541
[DEBUG] Read code = 50 (size 10)
[DEBUG] Got code = 50
[DEBUG] Normal case: found entry for code 50 = D
[DEBUG] Inserting entry '2' as code 542
Inserted 'D2' as code 542
[DEBUG] Read code = 89 (size 10)
[DEBUG] Got code = 89
[DEBUG] Normal case: found entry for code 89 = 2
[DEBUG] Inserting entry 'Y' as code 543
Inserted '2Y' as code 543
[DEBUG] Read code = 77 (size 10)
[DEBUG] Got code = 77
[DEBUG] Normal case: found entry for code 77 = Y
[DEBUG] Inserting entry 'M' as code 544
Inserted 'YM' as code 544
[DEBUG] Read code = 121 (size 10)
[DEBUG] Got code = 121
[DEBUG] Normal case: found entry for code 121 = M
[DEBUG] Inserting entry 'y' as code 545
Inserted 'My' as code 545
[DEBUG] Read code = 87 (size 10)
[DEBUG] Got code = 87
[DEBUG] Normal case: found entry for code 87 = y
[DEBUG] Inserting entry 'W' as code 546
Inserted 'yW' as code 546
[DEBUG] Read code = 113 (size 10)
[DEBUG] Got code = 113
[DEBUG] Normal case: found entry for code 113 = W
[DEBUG] Inserting entry 'q' as code 547
Inserted 'Wq' as code 547
[DEBUG] Read code = 77 (size 10)
[DEBUG] Got code = 77
[DEBUG] Normal case: found entry for code 77 = q
[DEBUG] Inserting entry 'M' as code 548
Inserted 'qM' as code 548
[DEBUG] Read code = 81 (size 10)
[DEBUG] Got code = 81
[DEBUG] Normal case: found entry for code 81 = M
[DEBUG] Inserting entry 'Q' as code 549
Inserted 'MQ' as code 549
[DEBUG] Read code = 77 (size 10)
[DEBUG] Got code = 77
[DEBUG] Normal case: found entry for code 77 = Q
[DEBUG] Inserting entry 'M' as code 550
Inserted 'QM' as code 550
[DEBUG] Read code = 118 (size 10)
[DEBUG] Got code = 118
[DEBUG] Normal case: found entry for code 118 = M
[DEBUG] Inserting entry 'v' as code 551
Inserted 'Mv' as code 551
[DEBUG] Read code = 53 (size 10)
[DEBUG] Got code = 53
[DEBUG] Normal case: found entry for code 53 = v
[DEBUG] Inserting entry '5' as code 552
Inserted 'v5' as code 552
[DEBUG] Read code = 55 (size 10)
[DEBUG] Got code = 55
[DEBUG] Normal case: found entry for code 55 = 5
[DEBUG] Inserting entry '7' as code 553
Inserted '57' as code 553
[DEBUG] Read code = 110 (size 10)
[DEBUG] Got code = 110
[DEBUG] Normal case: found entry for code 110 = 7
[DEBUG] Inserting entry 'n' as code 554
Inserted '7n' as code 554
[DEBUG] Read code = 53 (size 10)
[DEBUG] Got code = 53
[DEBUG] Normal case: found entry for code 53 = n
[DEBUG] Inserting entry '5' as code 555
Inserted 'n5' as code 555
[DEBUG] Read code = 10 (size 10)
[DEBUG] Got code = 10
[DEBUG] Normal case: found entry for code 10 = 5
[DEBUG] Inserting entry '
' as code 556
Inserted '5
' as code 556
[DEBUG] Read code = 50 (size 10)
[DEBUG] Got code = 50
[DEBUG] Normal case: found entry for code 50 = 

[DEBUG] Inserting entry '2' as code 557
Inserted '
2' as code 557
[DEBUG] Read code = 66 (size 10)
[DEBUG] Got code = 66
[DEBUG] Normal case: found entry for code 66 = 2
[DEBUG] Inserting entry 'B' as code 558
Inserted '2B' as code 558
[DEBUG] Read code = 114 (size 10)
[DEBUG] Got code = 114
[DEBUG] Normal case: found entry for code 114 = B
[DEBUG] Inserting entry 'r' as code 559
Inserted 'Br' as code 559
[DEBUG] Read code = 88 (size 10)
[DEBUG] Got code = 88
[DEBUG] Normal case: found entry for code 88 = r
[DEBUG] Inserting entry 'X' as code 560
Inserted 'rX' as code 560
[DEBUG] Read code = 79 (size 10)
[DEBUG] Got code = 79
[DEBUG] Normal case: found entry for code 79 = X
[DEBUG] Inserting entry 'O' as code 561
Inserted 'XO' as code 561
[DEBUG] Read code = 110 (size 10)
[DEBUG] Got code = 110
[DEBUG] Normal case: found entry for code 110 = O
[DEBUG] Inserting entry 'n' as code 562
Inserted 'On' as code 562
[DEBUG] Read code = 276 (size 10)
[DEBUG] Got code = 276
[DEBUG] Normal case: found entry for code 276 = n
[DEBUG] Inserting entry '4i' as code 563
Inserted 'n4' as code 563
[DEBUG] Read code = 88 (size 10)
[DEBUG] Got code = 88
[DEBUG] Normal case: found entry for code 88 = 4i
[DEBUG] Inserting entry 'X' as code 564
Inserted '4iX' as code 564
[DEBUG] Read code = 99 (size 10)
[DEBUG] Got code = 99
[DEBUG] Normal case: found entry for code 99 = X
[DEBUG] Inserting entry 'c' as code 565
Inserted 'Xc' as code 565
[DEBUG] Read code = 50 (size 10)
[DEBUG] Got code = 50
[DEBUG] Normal case: found entry for code 50 = c
[DEBUG] Inserting entry '2' as code 566
Inserted 'c2' as code 566
[DEBUG] Read code = 70 (size 10)
[DEBUG] Got code = 70
[DEBUG] Normal case: found entry for code 70 = 2
[DEBUG] Inserting entry 'F' as code 567
Inserted '2F' as code 567
[DEBUG] Read code = 98 (size 10)
[DEBUG] Got code = 98
[DEBUG] Normal case: found entry for code 98 = F
[DEBUG] Inserting entry 'b' as code 568
Inserted 'Fb' as code 568
[DEBUG] Read code = 108 (size 10)
[DEBUG] Got code = 108
[DEBUG] Normal case: found entry for code 108 = b
[DEBUG] Inserting entry 'l' as code 569
Inserted 'bl' as code 569
[DEBUG] Read code = 85 (size 10)
[DEBUG] Got code = 85
[DEBUG] Normal case: found entry for code 85 = l
[DEBUG] Inserting entry 'U' as code 570
Inserted 'lU' as code 570
[DEBUG] Read code = 112 (size 10)
[DEBUG] Got code = 112
[DEBUG] Normal case: found entry for code 112 = U
[DEBUG] Inserting entry 'p' as code 571
Inserted 'Up' as code 571
[DEBUG] Read code = 54 (size 10)
[DEBUG] Got code = 54
[DEBUG] Normal case: found entry for code 54 = p
[DEBUG] Inserting entry '6' as code 572
Inserted 'p6' as code 572
[DEBUG] Read code = 53 (size 10)
[DEBUG] Got code = 53
[DEBUG] Normal case: found entry for code 53 = 6
[DEBUG] Inserting entry '5' as code 573
Inserted '65' as code 573
[DEBUG] Read code = 76 (size 10)
[DEBUG] Got code = 76
[DEBUG] Normal case: found entry for code 76 = 5
[DEBUG] Inserting entry 'L' as code 574
Inserted '5L' as code 574
[DEBUG] Read code = 72 (size 10)
[DEBUG] Got code = 72
[DEBUG] Normal case: found entry for code 72 = L
[DEBUG] Inserting entry 'H' as code 575
Inserted 'LH' as code 575
[DEBUG] Read code = 100 (size 10)
[DEBUG] Got code = 100
[DEBUG] Normal case: found entry for code 100 = H
[DEBUG] Inserting entry 'd' as code 576
Inserted 'Hd' as code 576
[DEBUG] Read code = 56 (size 10)
[DEBUG] Got code = 56
[DEBUG] Normal case: found entry for code 56 = d
[DEBUG] Inserting entry '8' as code 577
Inserted 'd8' as code 577
[DEBUG] Read code = 101 (size 10)
[DEBUG] Got code = 101
[DEBUG] Normal case: found entry for code 101 = 8
[DEBUG] Inserting entry 'e' as code 578
Inserted '8e' as code 578
[DEBUG] Read code = 90 (size 10)
[DEBUG] Got code = 90
[DEBUG] Normal case: found entry for code 90 = e
[DEBUG] Inserting entry 'Z' as code 579
Inserted 'eZ' as code 579
[DEBUG] Read code = 101 (size 10)
[DEBUG] Got code = 101
[DEBUG] Normal case: found entry for code 101 = Z
[DEBUG] Inserting entry 'e' as code 580
Inserted 'Ze' as code 580
[DEBUG] Read code = 72 (size 10)
[DEBUG] Got code = 72
[DEBUG] Normal case: found entry for code 72 = e
[DEBUG] Inserting entry 'H' as code 581
Inserted 'eH' as code 581
[DEBUG] Read code = 97 (size 10)
[DEBUG] Got code = 97
[DEBUG] Normal case: found entry for code 97 = H
[DEBUG] Inserting entry 'a' as code 582
Inserted 'Ha' as code 582
[DEBUG] Read code = 104 (size 10)
[DEBUG] Got code = 104
[DEBUG] Normal case: found entry for code 104 = a
[DEBUG] Inserting entry 'h' as code 583
Inserted 'ah' as code 583
[DEBUG] Read code = 541 (size 10)
[DEBUG] Got code = 541
[DEBUG] Normal case: found entry for code 541 = h
[DEBUG] Inserting entry 'vD' as code 584
Inserted 'hv' as code 584
[DEBUG] Read code = 53 (size 10)
[DEBUG] Got code = 53
[DEBUG] Normal case: found entry for code 53 = vD
[DEBUG] Inserting entry '5' as code 585
Inserted 'vD5' as code 585
[DEBUG] Read code = 85 (size 10)
[DEBUG] Got code = 85
[DEBUG] Normal case: found entry for code 85 = 5
[DEBUG] Inserting entry 'U' as code 586
Inserted '5U' as code 586
[DEBUG] Read code = 53 (size 10)
[DEBUG] Got code = 53
[DEBUG] Normal case: found entry for code 53 = U
[DEBUG] Inserting entry '5' as code 587
Inserted 'U5' as code 587
[DEBUG] Read code = 73 (size 10)
[DEBUG] Got code = 73
[DEBUG] Normal case: found entry for code 73 = 5
[DEBUG] Inserting entry 'I' as code 588
Inserted '5I' as code 588
[DEBUG] Read code = 122 (size 10)
[DEBUG] Got code = 122
[DEBUG] Normal case: found entry for code 122 = I
[DEBUG] Inserting entry 'z' as code 589
Inserted 'Iz' as code 589
[DEBUG] Read code = 107 (size 10)
[DEBUG] Got code = 107
[DEBUG] Normal case: found entry for code 107 = z
[DEBUG] Inserting entry 'k' as code 590
Inserted 'zk' as code 590
[DEBUG] Read code = 107 (size 10)
[DEBUG] Got code = 107
[DEBUG] Normal case: found entry for code 107 = k
[DEBUG] Inserting entry 'k' as code 591
Inserted 'kk' as code 591
[DEBUG] Read code = 112 (size 10)
[DEBUG] Got code = 112
[DEBUG] Normal case: found entry for code 112 = k
[DEBUG] Inserting entry 'p' as code 592
Inserted 'kp' as code 592
[DEBUG] Read code = 118 (size 10)
[DEBUG] Got code = 118
[DEBUG] Normal case: found entry for code 118 = p
[DEBUG] Inserting entry 'v' as code 593
Inserted 'pv' as code 593
[DEBUG] Read code = 118 (size 10)
[DEBUG] Got code = 118
[DEBUG] Normal case: found entry for code 118 = v
[DEBUG] Inserting entry 'v' as code 594
Inserted 'vv' as code 594
[DEBUG] Read code = 109 (size 10)
[DEBUG] Got code = 109
[DEBUG] Normal case: found entry for code 109 = v
[DEBUG] Inserting entry 'm' as code 595
Inserted 'vm' as code 595
[DEBUG] Read code = 49 (size 10)
[DEBUG] Got code = 49
[DEBUG] Normal case: found entry for code 49 = m
[DEBUG] Inserting entry '1' as code 596
Inserted 'm1' as code 596
[DEBUG] Read code = 56 (size 10)
[DEBUG] Got code = 56
[DEBUG] Normal case: found entry for code 56 = 1
[DEBUG] Inserting entry '8' as code 597
Inserted '18' as code 597
[DEBUG] Read code = 57 (size 10)
[DEBUG] Got code = 57
[DEBUG] Normal case: found entry for code 57 = 8
[DEBUG] Inserting entry '9' as code 598
Inserted '89' as code 598
[DEBUG] Read code = 71 (size 10)
[DEBUG] Got code = 71
[DEBUG] Normal case: found entry for code 71 = 9
[DEBUG] Inserting entry 'G' as code 599
Inserted '9G' as code 599
[DEBUG] Read code = 52 (size 10)
[DEBUG] Got code = 52
[DEBUG] Normal case: found entry for code 52 = G
[DEBUG] Inserting entry '4' as code 600
Inserted 'G4' as code 600
[DEBUG] Read code = 112 (size 10)
[DEBUG] Got code = 112
[DEBUG] Normal case: found entry for code 112 = 4
[DEBUG] Inserting entry 'p' as code 601
Inserted '4p' as code 601
[DEBUG] Read code = 50 (size 10)
[DEBUG] Got code = 50
[DEBUG] Normal case: found entry for code 50 = p
[DEBUG] Inserting entry '2' as code 602
Inserted 'p2' as code 602
[DEBUG] Read code = 105 (size 10)
[DEBUG] Got code = 105
[DEBUG] Normal case: found entry for code 105 = 2
[DEBUG] Inserting entry 'i' as code 603
Inserted '2i' as code 603
[DEBUG] Read code = 111 (size 10)
[DEBUG] Got code = 111
[DEBUG] Normal case: found entry for code 111 = i
[DEBUG] Inserting entry 'o' as code 604
Inserted 'io' as code 604
[DEBUG] Read code = 113 (size 10)
[DEBUG] Got code = 113
[DEBUG] Normal case: found entry for code 113 = o
[DEBUG] Inserting entry 'q' as code 605
Inserted 'oq' as code 605
[DEBUG] Read code = 114 (size 10)
[DEBUG] Got code = 114
[DEBUG] Normal case: found entry for code 114 = q
[DEBUG] Inserting entry 'r' as code 606
Inserted 'qr' as code 606
[DEBUG] Read code = 119 (size 10)
[DEBUG] Got code = 119
[DEBUG] Normal case: found entry for code 119 = r
[DEBUG] Inserting entry 'w' as code 607
Inserted 'rw' as code 607
[DEBUG] Read code = 56 (size 10)
[DEBUG] Got code = 56
[DEBUG] Normal case: found entry for code 56 = w
[DEBUG] Inserting entry '8' as code 608
Inserted 'w8' as code 608
[DEBUG] Read code = 113 (size 10)
[DEBUG] Got code = 113
[DEBUG] Normal case: found entry for code 113 = 8
[DEBUG] Inserting entry 'q' as code 609
Inserted '8q' as code 609
[DEBUG] Read code = 86 (size 10)
[DEBUG] Got code = 86
[DEBUG] Normal case: found entry for code 86 = q
[DEBUG] Inserting entry 'V' as code 610
Inserted 'qV' as code 610
[DEBUG] Read code = 47 (size 10)
[DEBUG] Got code = 47
[DEBUG] Normal case: found entry for code 47 = V
[DEBUG] Inserting entry '/' as code 611
Inserted 'V/' as code 611
[DEBUG] Read code = 76 (size 10)
[DEBUG] Got code = 76
[DEBUG] Normal case: found entry for code 76 = /
[DEBUG] Inserting entry 'L' as code 612
Inserted '/L' as code 612
[DEBUG] Read code = 65 (size 10)
[DEBUG] Got code = 65
[DEBUG] Normal case: found entry for code 65 = L
[DEBUG] Inserting entry 'A' as code 613
Inserted 'LA' as code 613
[DEBUG] Read code = 114 (size 10)
[DEBUG] Got code = 114
[DEBUG] Normal case: found entry for code 114 = A
[DEBUG] Inserting entry 'r' as code 614
Inserted 'Ar' as code 614
[DEBUG] Read code = 121 (size 10)
[DEBUG] Got code = 121
[DEBUG] Normal case: found entry for code 121 = r
[DEBUG] Inserting entry 'y' as code 615
Inserted 'ry' as code 615
[DEBUG] Read code = 51 (size 10)
[DEBUG] Got code = 51
[DEBUG] Normal case: found entry for code 51 = y
[DEBUG] Inserting entry '3' as code 616
Inserted 'y3' as code 616
[DEBUG] Read code = 52 (size 10)
[DEBUG] Got code = 52
[DEBUG] Normal case: found entry for code 52 = 3
[DEBUG] Inserting entry '4' as code 617
Inserted '34' as code 617
[DEBUG] Read code = 77 (size 10)
[DEBUG] Got code = 77
[DEBUG] Normal case: found entry for code 77 = 4
[DEBUG] Inserting entry 'M' as code 618
Inserted '4M' as code 618
[DEBUG] Read code = 86 (size 10)
[DEBUG] Got code = 86
[DEBUG] Normal case: found entry for code 86 = M
[DEBUG] Inserting entry 'V' as code 619
Inserted 'MV' as code 619
[DEBUG] Read code = 119 (size 10)
[DEBUG] Got code = 119
[DEBUG] Normal case: found entry for code 119 = V
[DEBUG] Inserting entry 'w' as code 620
Inserted 'Vw' as code 620
[DEBUG] Read code = 120 (size 10)
[DEBUG] Got code = 120
[DEBUG] Normal case: found entry for code 120 = w
[DEBUG] Inserting entry 'x' as code 621
Inserted 'wx' as code 621
[DEBUG] Read code = 66 (size 10)
[DEBUG] Got code = 66
[DEBUG] Normal case: found entry for code 66 = x
[DEBUG] Inserting entry 'B' as code 622
Inserted 'xB' as code 622
[DEBUG] Read code = 80 (size 10)
[DEBUG] Got code = 80
[DEBUG] Normal case: found entry for code 80 = B
[DEBUG] Inserting entry 'P' as code 623
Inserted 'BP' as code 623
[DEBUG] Read code = 121 (size 10)
[DEBUG] Got code = 121
[DEBUG] Normal case: found entry for code 121 = P
[DEBUG] Inserting entry 'y' as code 624
Inserted 'Py' as code 624
[DEBUG] Read code = 104 (size 10)
[DEBUG] Got code = 104
[DEBUG] Normal case: found entry for code 104 = y
[DEBUG] Inserting entry 'h' as code 625
Inserted 'yh' as code 625
[DEBUG] Read code = 54 (size 10)
[DEBUG] Got code = 54
[DEBUG] Normal case: found entry for code 54 = h
[DEBUG] Inserting entry '6' as code 626
Inserted 'h6' as code 626
[DEBUG] Read code = 49 (size 10)
[DEBUG] Got code = 49
[DEBUG] Normal case: found entry for code 49 = 6
[DEBUG] Inserting entry '1' as code 627
Inserted '61' as code 627
[DEBUG] Read code = 118 (size 10)
[DEBUG] Got code = 118
[DEBUG] Normal case: found entry for code 118 = 1
[DEBUG] Inserting entry 'v' as code 628
Inserted '1v' as code 628
[DEBUG] Read code = 51 (size 10)
[DEBUG] Got code = 51
[DEBUG] Normal case: found entry for code 51 = v
[DEBUG] Inserting entry '3' as code 629
Inserted 'v3' as code 629
[DEBUG] Read code = 78 (size 10)
[DEBUG] Got code = 78
[DEBUG] Normal case: found entry for code 78 = 3
[DEBUG] Inserting entry 'N' as code 630
Inserted '3N' as code 630
[DEBUG] Read code = 10 (size 10)
[DEBUG] Got code = 10
[DEBUG] Normal case: found entry for code 10 = N
[DEBUG] Inserting entry '
' as code 631
Inserted 'N
' as code 631
[DEBUG] Read code = 122 (size 10)
[DEBUG] Got code = 122
[DEBUG] Normal case: found entry for code 122 = 

[DEBUG] Inserting entry 'z' as code 632
Inserted '
z' as code 632
[DEBUG] Read code = 79 (size 10)
[DEBUG] Got code = 79
[DEBUG] Normal case: found entry for code 79 = z
[DEBUG] Inserting entry 'O' as code 633
Inserted 'zO' as code 633
[DEBUG] Read code = 49 (size 10)
[DEBUG] Got code = 49
[DEBUG] Normal case: found entry for code 49 = O
[DEBUG] Inserting entry '1' as code 634
Inserted 'O1' as code 634
[DEBUG] Read code = 115 (size 10)
[DEBUG] Got code = 115
[DEBUG] Normal case: found entry for code 115 = 1
[DEBUG] Inserting entry 's' as code 635
Inserted '1s' as code 635
[DEBUG] Read code = 110 (size 10)
[DEBUG] Got code = 110
[DEBUG] Normal case: found entry for code 110 = s
[DEBUG] Inserting entry 'n' as code 636
Inserted 'sn' as code 636
[DEBUG] Read code = 80 (size 10)
[DEBUG] Got code = 80
[DEBUG] Normal case: found entry for code 80 = n
[DEBUG] Inserting entry 'P' as code 637
Inserted 'nP' as code 637
[DEBUG] Read code = 101 (size 10)
[DEBUG] Got code = 101
[DEBUG] Normal case: found entry for code 101 = P
[DEBUG] Inserting entry 'e' as code 638
Inserted 'Pe' as code 638
[DEBUG] Read code = 51 (size 10)
[DEBUG] Got code = 51
[DEBUG] Normal case: found entry for code 51 = e
[DEBUG] Inserting entry '3' as code 639
Inserted 'e3' as code 639
[DEBUG] Read code = 448 (size 10)
[DEBUG] Got code = 448
[DEBUG] Normal case: found entry for code 448 = 3
[DEBUG] Inserting entry 'dS' as code 640
Inserted '3d' as code 640
[DEBUG] Read code = 102 (size 10)
[DEBUG] Got code = 102
[DEBUG] Normal case: found entry for code 102 = dS
[DEBUG] Inserting entry 'f' as code 641
Inserted 'dSf' as code 641
[DEBUG] Read code = 114 (size 10)
[DEBUG] Got code = 114
[DEBUG] Normal case: found entry for code 114 = f
[DEBUG] Inserting entry 'r' as code 642
Inserted 'fr' as code 642
[DEBUG] Read code = 110 (size 10)
[DEBUG] Got code = 110
[DEBUG] Normal case: found entry for code 110 = r
[DEBUG] Inserting entry 'n' as code 643
Inserted 'rn' as code 643
[DEBUG] Read code = 67 (size 10)
[DEBUG] Got code = 67
[DEBUG] Normal case: found entry for code 67 = n
[DEBUG] Inserting entry 'C' as code 644
Inserted 'nC' as code 644
[DEBUG] Read code = 54 (size 10)
[DEBUG] Got code = 54
[DEBUG] Normal case: found entry for code 54 = C
[DEBUG] Inserting entry '6' as code 645
Inserted 'C6' as code 645
[DEBUG] Read code = 112 (size 10)
[DEBUG] Got code = 112
[DEBUG] Normal case: found entry for code 112 = 6
[DEBUG] Inserting entry 'p' as code 646
Inserted '6p' as code 646
[DEBUG] Read code = 90 (size 10)
[DEBUG] Got code = 90
[DEBUG] Normal case: found entry for code 90 = p
[DEBUG] Inserting entry 'Z' as code 647
Inserted 'pZ' as code 647
[DEBUG] Read code = 104 (size 10)
[DEBUG] Got code = 104
[DEBUG] Normal case: found entry for code 104 = Z
[DEBUG] Inserting entry 'h' as code 648
Inserted 'Zh' as code 648
[DEBUG] Read code = 87 (size 10)
[DEBUG] Got code = 87
[DEBUG] Normal case: found entry for code 87 = h
[DEBUG] Inserting entry 'W' as code 649
Inserted 'hW' as code 649
[DEBUG] Read code = 47 (size 10)
[DEBUG] Got code = 47
[DEBUG] Normal case: found entry for code 47 = W
[DEBUG] Inserting entry '/' as code 650
Inserted 'W/' as code 650
[DEBUG] Read code = 72 (size 10)
[DEBUG] Got code = 72
[DEBUG] Normal case: found entry for code 72 = /
[DEBUG] Inserting entry 'H' as code 651
Inserted '/H' as code 651
[DEBUG] Read code = 65 (size 10)
[DEBUG] Got code = 65
[DEBUG] Normal case: found entry for code 65 = H
[DEBUG] Inserting entry 'A' as code 652
Inserted 'HA' as code 652
[DEBUG] Read code = 104 (size 10)
[DEBUG] Got code = 104
[DEBUG] Normal case: found entry for code 104 = A
[DEBUG] Inserting entry 'h' as code 653
Inserted 'Ah' as code 653
[DEBUG] Read code = 68 (size 10)
[DEBUG] Got code = 68
[DEBUG] Normal case: found entry for code 68 = h
[DEBUG] Inserting entry 'D' as code 654
Inserted 'hD' as code 654
[DEBUG] Read code = 43 (size 10)
[DEBUG] Got code = 43
[DEBUG] Normal case: found entry for code 43 = D
[DEBUG] Inserting entry '+' as code 655
Inserted 'D+' as code 655
[DEBUG] Read code = 98 (size 10)
[DEBUG] Got code = 98
[DEBUG] Normal case: found entry for code 98 = +
[DEBUG] Inserting entry 'b' as code 656
Inserted '+b' as code 656
[DEBUG] Read code = 79 (size 10)
[DEBUG] Got code = 79
[DEBUG] Normal case: found entry for code 79 = b
[DEBUG] Inserting entry 'O' as code 657
Inserted 'bO' as code 657
[DEBUG] Read code = 79 (size 10)
[DEBUG] Got code = 79
[DEBUG] Normal case: found entry for code 79 = O
[DEBUG] Inserting entry 'O' as code 658
Inserted 'OO' as code 658
[DEBUG] Read code = 52 (size 10)
[DEBUG] Got code = 52
[DEBUG] Normal case: found entry for code 52 = O
[DEBUG] Inserting entry '4' as code 659
Inserted 'O4' as code 659
[DEBUG] Read code = 100 (size 10)
[DEBUG] Got code = 100
[DEBUG] Normal case: found entry for code 100 = 4
[DEBUG] Inserting entry 'd' as code 660
Inserted '4d' as code 660
[DEBUG] Read code = 117 (size 10)
[DEBUG] Got code = 117
[DEBUG] Normal case: found entry for code 117 = d
[DEBUG] Inserting entry 'u' as code 661
Inserted 'du' as code 661
[DEBUG] Read code = 116 (size 10)
[DEBUG] Got code = 116
[DEBUG] Normal case: found entry for code 116 = u
[DEBUG] Inserting entry 't' as code 662
Inserted 'ut' as code 662
[DEBUG] Read code = 43 (size 10)
[DEBUG] Got code = 43
[DEBUG] Normal case: found entry for code 43 = t
[DEBUG] Inserting entry '+' as code 663
Inserted 't+' as code 663
[DEBUG] Read code = 48 (size 10)
[DEBUG] Got code = 48
[DEBUG] Normal case: found entry for code 48 = +
[DEBUG] Inserting entry '0' as code 664
Inserted '+0' as code 664
[DEBUG] Read code = 74 (size 10)
[DEBUG] Got code = 74
[DEBUG] Normal case: found entry for code 74 = 0
[DEBUG] Inserting entry 'J' as code 665
Inserted '0J' as code 665
[DEBUG] Read code = 98 (size 10)
[DEBUG] Got code = 98
[DEBUG] Normal case: found entry for code 98 = J
[DEBUG] Inserting entry 'b' as code 666
Inserted 'Jb' as code 666
[DEBUG] Read code = 99 (size 10)
[DEBUG] Got code = 99
[DEBUG] Normal case: found entry for code 99 = b
[DEBUG] Inserting entry 'c' as code 667
Inserted 'bc' as code 667
[DEBUG] Read code = 68 (size 10)
[DEBUG] Got code = 68
[DEBUG] Normal case: found entry for code 68 = c
[DEBUG] Inserting entry 'D' as code 668
Inserted 'cD' as code 668
[DEBUG] Read code = 65 (size 10)
[DEBUG] Got code = 65
[DEBUG] Normal case: found entry for code 65 = D
[DEBUG] Inserting entry 'A' as code 669
Inserted 'DA' as code 669
[DEBUG] Read code = 97 (size 10)
[DEBUG] Got code = 97
[DEBUG] Normal case: found entry for code 97 = A
[DEBUG] Inserting entry 'a' as code 670
Inserted 'Aa' as code 670
[DEBUG] Read code = 114 (size 10)
[DEBUG] Got code = 114
[DEBUG] Normal case: found entry for code 114 = a
[DEBUG] Inserting entry 'r' as code 671
Inserted 'ar' as code 671
[DEBUG] Read code = 78 (size 10)
[DEBUG] Got code = 78
[DEBUG] Normal case: found entry for code 78 = r
[DEBUG] Inserting entry 'N' as code 672
Inserted 'rN' as code 672
[DEBUG] Read code = 291 (size 10)
[DEBUG] Got code = 291
[DEBUG] Normal case: found entry for code 291 = N
[DEBUG] Inserting entry 'TZ' as code 673
Inserted 'NT' as code 673
[DEBUG] Read code = 43 (size 10)
[DEBUG] Got code = 43
[DEBUG] Normal case: found entry for code 43 = TZ
[DEBUG] Inserting entry '+' as code 674
Inserted 'TZ+' as code 674
[DEBUG] Read code = 673 (size 10)
[DEBUG] Got code = 673
[DEBUG] Normal case: found entry for code 673 = +
[DEBUG] Inserting entry 'NT' as code 675
Inserted '+N' as code 675
[DEBUG] Read code = 608 (size 10)
[DEBUG] Got code = 608
[DEBUG] Normal case: found entry for code 608 = NT
[DEBUG] Inserting entry 'w8' as code 676
Inserted 'NTw' as code 676
[DEBUG] Read code = 120 (size 10)
[DEBUG] Got code = 120
[DEBUG] Normal case: found entry for code 120 = w8
[DEBUG] Inserting entry 'x' as code 677
Inserted 'w8x' as code 677
[DEBUG] Read code = 81 (size 10)
[DEBUG] Got code = 81
[DEBUG] Normal case: found entry for code 81 = x
[DEBUG] Inserting entry 'Q' as code 678
Inserted 'xQ' as code 678
[DEBUG] Read code = 119 (size 10)
[DEBUG] Got code = 119
[DEBUG] Normal case: found entry for code 119 = Q
[DEBUG] Inserting entry 'w' as code 679
Inserted 'Qw' as code 679
[DEBUG] Read code = 73 (size 10)
[DEBUG] Got code = 73
[DEBUG] Normal case: found entry for code 73 = w
[DEBUG] Inserting entry 'I' as code 680
Inserted 'wI' as code 680
[DEBUG] Read code = 80 (size 10)
[DEBUG] Got code = 80
[DEBUG] Normal case: found entry for code 80 = I
[DEBUG] Inserting entry 'P' as code 681
Inserted 'IP' as code 681
[DEBUG] Read code = 117 (size 10)
[DEBUG] Got code = 117
[DEBUG] Normal case: found entry for code 117 = P
[DEBUG] Inserting entry 'u' as code 682
Inserted 'Pu' as code 682
[DEBUG] Read code = 108 (size 10)
[DEBUG] Got code = 108
[DEBUG] Normal case: found entry for code 108 = u
[DEBUG] Inserting entry 'l' as code 683
Inserted 'ul' as code 683
[DEBUG] Read code = 54 (size 10)
[DEBUG] Got code = 54
[DEBUG] Normal case: found entry for code 54 = l
[DEBUG] Inserting entry '6' as code 684
Inserted 'l6' as code 684
[DEBUG] Read code = 107 (size 10)
[DEBUG] Got code = 107
[DEBUG] Normal case: found entry for code 107 = 6
[DEBUG] Inserting entry 'k' as code 685
Inserted '6k' as code 685
[DEBUG] Read code = 55 (size 10)
[DEBUG] Got code = 55
[DEBUG] Normal case: found entry for code 55 = k
[DEBUG] Inserting entry '7' as code 686
Inserted 'k7' as code 686
[DEBUG] Read code = 117 (size 10)
[DEBUG] Got code = 117
[DEBUG] Normal case: found entry for code 117 = 7
[DEBUG] Inserting entry 'u' as code 687
Inserted '7u' as code 687
[DEBUG] Read code = 644 (size 10)
[DEBUG] Got code = 644
[DEBUG] Normal case: found entry for code 644 = u
[DEBUG] Inserting entry 'nC' as code 688
Inserted 'un' as code 688
[DEBUG] Read code = 119 (size 10)
[DEBUG] Got code = 119
[DEBUG] Normal case: found entry for code 119 = nC
[DEBUG] Inserting entry 'w' as code 689
Inserted 'nCw' as code 689
[DEBUG] Read code = 98 (size 10)
[DEBUG] Got code = 98
[DEBUG] Normal case: found entry for code 98 = w
[DEBUG] Inserting entry 'b' as code 690
Inserted 'wb' as code 690
[DEBUG] Read code = 48 (size 10)
[DEBUG] Got code = 48
[DEBUG] Normal case: found entry for code 48 = b
[DEBUG] Inserting entry '0' as code 691
Inserted 'b0' as code 691
[DEBUG] Read code = 118 (size 10)
[DEBUG] Got code = 118
[DEBUG] Normal case: found entry for code 118 = 0
[DEBUG] Inserting entry 'v' as code 692
Inserted '0v' as code 692
[DEBUG] Read code = 98 (size 10)
[DEBUG] Got code = 98
[DEBUG] Normal case: found entry for code 98 = v
[DEBUG] Inserting entry 'b' as code 693
Inserted 'vb' as code 693
[DEBUG] Read code = 84 (size 10)
[DEBUG] Got code = 84
[DEBUG] Normal case: found entry for code 84 = b
[DEBUG] Inserting entry 'T' as code 694
Inserted 'bT' as code 694
[DEBUG] Read code = 119 (size 10)
[DEBUG] Got code = 119
[DEBUG] Normal case: found entry for code 119 = T
[DEBUG] Inserting entry 'w' as code 695
Inserted 'Tw' as code 695
[DEBUG] Read code = 83 (size 10)
[DEBUG] Got code = 83
[DEBUG] Normal case: found entry for code 83 = w
[DEBUG] Inserting entry 'S' as code 696
Inserted 'wS' as code 696
[DEBUG] Read code = 75 (size 10)
[DEBUG] Got code = 75
[DEBUG] Normal case: found entry for code 75 = S
[DEBUG] Inserting entry 'K' as code 697
Inserted 'SK' as code 697
[DEBUG] Read code = 52 (size 10)
[DEBUG] Got code = 52
[DEBUG] Normal case: found entry for code 52 = K
[DEBUG] Inserting entry '4' as code 698
Inserted 'K4' as code 698
[DEBUG] Read code = 109 (size 10)
[DEBUG] Got code = 109
[DEBUG] Normal case: found entry for code 109 = 4
[DEBUG] Inserting entry 'm' as code 699
Inserted '4m' as code 699
[DEBUG] Read code = 47 (size 10)
[DEBUG] Got code = 47
[DEBUG] Normal case: found entry for code 47 = m
[DEBUG] Inserting entry '/' as code 700
Inserted 'm/' as code 700
[DEBUG] Read code = 79 (size 10)
[DEBUG] Got code = 79
[DEBUG] Normal case: found entry for code 79 = /
[DEBUG] Inserting entry 'O' as code 701
Inserted '/O' as code 701
[DEBUG] Read code = 111 (size 10)
[DEBUG] Got code = 111
[DEBUG] Normal case: found entry for code 111 = O
[DEBUG] Inserting entry 'o' as code 702
Inserted 'Oo' as code 702
[DEBUG] Read code = 10 (size 10)
[DEBUG] Got code = 10
[DEBUG] Normal case: found entry for code 10 = o
[DEBUG] Inserting entry '
' as code 703
Inserted 'o
' as code 703
[DEBUG] Read code = 70 (size 10)
[DEBUG] Got code = 70
[DEBUG] Normal case: found entry for code 70 = 

[DEBUG] Inserting entry 'F' as code 704
Inserted '
F' as code 704
[DEBUG] Read code = 68 (size 10)
[DEBUG] Got code = 68
[DEBUG] Normal case: found entry for code 68 = F
[DEBUG] Inserting entry 'D' as code 705
Inserted 'FD' as code 705
[DEBUG] Read code = 79 (size 10)
[DEBUG] Got code = 79
[DEBUG] Normal case: found entry for code 79 = D
[DEBUG] Inserting entry 'O' as code 706
Inserted 'DO' as code 706
[DEBUG] Read code = 107 (size 10)
[DEBUG] Got code = 107
[DEBUG] Normal case: found entry for code 107 = O
[DEBUG] Inserting entry 'k' as code 707
Inserted 'Ok' as code 707
[DEBUG] Read code = 73 (size 10)
[DEBUG] Got code = 73
[DEBUG] Normal case: found entry for code 73 = k
[DEBUG] Inserting entry 'I' as code 708
Inserted 'kI' as code 708
[DEBUG] Read code = 69 (size 10)
[DEBUG] Got code = 69
[DEBUG] Normal case: found entry for code 69 = I
[DEBUG] Inserting entry 'E' as code 709
Inserted 'IE' as code 709
[DEBUG] Read code = 88 (size 10)
[DEBUG] Got code = 88
[DEBUG] Normal case: found entry for code 88 = E
[DEBUG] Inserting entry 'X' as code 710
Inserted 'EX' as code 710
[DEBUG] Read code = 86 (size 10)
[DEBUG] Got code = 86
[DEBUG] Normal case: found entry for code 86 = X
[DEBUG] Inserting entry 'V' as code 711
Inserted 'XV' as code 711
[DEBUG] Read code = 117 (size 10)
[DEBUG] Got code = 117
[DEBUG] Normal case: found entry for code 117 = V
[DEBUG] Inserting entry 'u' as code 712
Inserted 'Vu' as code 712
[DEBUG] Read code = 90 (size 10)
[DEBUG] Got code = 90
[DEBUG] Normal case: found entry for code 90 = u
[DEBUG] Inserting entry 'Z' as code 713
Inserted 'uZ' as code 713
[DEBUG] Read code = 97 (size 10)
[DEBUG] Got code = 97
[DEBUG] Normal case: found entry for code 97 = Z
[DEBUG] Inserting entry 'a' as code 714
Inserted 'Za' as code 714
[DEBUG] Read code = 83 (size 10)
[DEBUG] Got code = 83
[DEBUG] Normal case: found entry for code 83 = a
[DEBUG] Inserting entry 'S' as code 715
Inserted 'aS' as code 715
[DEBUG] Read code = 637 (size 10)
[DEBUG] Got code = 637
[DEBUG] Normal case: found entry for code 637 = S
[DEBUG] Inserting entry 'nP' as code 716
Inserted 'Sn' as code 716
[DEBUG] Read code = 86 (size 10)
[DEBUG] Got code = 86
[DEBUG] Normal case: found entry for code 86 = nP
[DEBUG] Inserting entry 'V' as code 717
Inserted 'nPV' as code 717
[DEBUG] Read code = 580 (size 10)
[DEBUG] Got code = 580
[DEBUG] Normal case: found entry for code 580 = V
[DEBUG] Inserting entry 'Ze' as code 718
Inserted 'VZ' as code 718
[DEBUG] Read code = 118 (size 10)
[DEBUG] Got code = 118
[DEBUG] Normal case: found entry for code 118 = Ze
[DEBUG] Inserting entry 'v' as code 719
Inserted 'Zev' as code 719
[DEBUG] Read code = 122 (size 10)
[DEBUG] Got code = 122
[DEBUG] Normal case: found entry for code 122 = v
[DEBUG] Inserting entry 'z' as code 720
Inserted 'vz' as code 720
[DEBUG] Read code = 121 (size 10)
[DEBUG] Got code = 121
[DEBUG] Normal case: found entry for code 121 = z
[DEBUG] Inserting entry 'y' as code 721
Inserted 'zy' as code 721
[DEBUG] Read code = 709 (size 10)
[DEBUG] Got code = 709
[DEBUG] Normal case: found entry for code 709 = y
[DEBUG] Inserting entry 'IE' as code 722
Inserted 'yI' as code 722
[DEBUG] Read code = 83 (size 10)
[DEBUG] Got code = 83
[DEBUG] Normal case: found entry for code 83 = IE
[DEBUG] Inserting entry 'S' as code 723
Inserted 'IES' as code 723
[DEBUG] Read code = 54 (size 10)
[DEBUG] Got code = 54
[DEBUG] Normal case: found entry for code 54 = S
[DEBUG] Inserting entry '6' as code 724
Inserted 'S6' as code 724
[DEBUG] Read code = 106 (size 10)
[DEBUG] Got code = 106
[DEBUG] Normal case: found entry for code 106 = 6
[DEBUG] Inserting entry 'j' as code 725
Inserted '6j' as code 725
[DEBUG] Read code = 111 (size 10)
[DEBUG] Got code = 111
[DEBUG] Normal case: found entry for code 111 = j
[DEBUG] Inserting entry 'o' as code 726
Inserted 'jo' as code 726
[DEBUG] Read code = 78 (size 10)
[DEBUG] Got code = 78
[DEBUG] Normal case: found entry for code 78 = o
[DEBUG] Inserting entry 'N' as code 727
Inserted 'oN' as code 727
[DEBUG] Read code = 70 (size 10)
[DEBUG] Got code = 70
[DEBUG] Normal case: found entry for code 70 = N
[DEBUG] Inserting entry 'F' as code 728
Inserted 'NF' as code 728
[DEBUG] Read code = 67 (size 10)
[DEBUG] Got code = 67
[DEBUG] Normal case: found entry for code 67 = F
[DEBUG] Inserting entry 'C' as code 729
Inserted 'FC' as code 729
[DEBUG] Read code = 72 (size 10)
[DEBUG] Got code = 72
[DEBUG] Normal case: found entry for code 72 = C
[DEBUG] Inserting entry 'H' as code 730
Inserted 'CH' as code 730
[DEBUG] Read code = 117 (size 10)
[DEBUG] Got code = 117
[DEBUG] Normal case: found entry for code 117 = H
[DEBUG] Inserting entry 'u' as code 731
Inserted 'Hu' as code 731
[DEBUG] Read code = 83 (size 10)
[DEBUG] Got code = 83
[DEBUG] Normal case: found entry for code 83 = u
[DEBUG] Inserting entry 'S' as code 732
Inserted 'uS' as code 732
[DEBUG] Read code = 68 (size 10)
[DEBUG] Got code = 68
[DEBUG] Normal case: found entry for code 68 = S
[DEBUG] Inserting entry 'D' as code 733
Inserted 'SD' as code 733
[DEBUG] Read code = 106 (size 10)
[DEBUG] Got code = 106
[DEBUG] Normal case: found entry for code 106 = D
[DEBUG] Inserting entry 'j' as code 734
Inserted 'Dj' as code 734
[DEBUG] Read code = 79 (size 10)
[DEBUG] Got code = 79
[DEBUG] Normal case: found entry for code 79 = j
[DEBUG] Inserting entry 'O' as code 735
Inserted 'jO' as code 735
[DEBUG] Read code = 72 (size 10)
[DEBUG] Got code = 72
[DEBUG] Normal case: found entry for code 72 = O
[DEBUG] Inserting entry 'H' as code 736
Inserted 'OH' as code 736
[DEBUG] Read code = 98 (size 10)
[DEBUG] Got code = 98
[DEBUG] Normal case: found entry for code 98 = H
[DEBUG] Inserting entry 'b' as code 737
Inserted 'Hb' as code 737
[DEBUG] Read code = 115 (size 10)
[DEBUG] Got code = 115
[DEBUG] Normal case: found entry for code 115 = b
[DEBUG] Inserting entry 's' as code 738
Inserted 'bs' as code 738
[DEBUG] Read code = 476 (size 10)
[DEBUG] Got code = 476
[DEBUG] Normal case: found entry for code 476 = s
[DEBUG] Inserting entry 'ec' as code 739
Inserted 'se' as code 739
[DEBUG] Read code = 500 (size 10)
[DEBUG] Got code = 500
[DEBUG] Normal case: found entry for code 500 = ec
[DEBUG] Inserting entry 'R/' as code 740
Inserted 'ecR' as code 740
[DEBUG] Read code = 98 (size 10)
[DEBUG] Got code = 98
[DEBUG] Normal case: found entry for code 98 = R/
[DEBUG] Inserting entry 'b' as code 741
Inserted 'R/b' as code 741
[DEBUG] Read code = 116 (size 10)
[DEBUG] Got code = 116
[DEBUG] Normal case: found entry for code 116 = b
[DEBUG] Inserting entry 't' as code 742
Inserted 'bt' as code 742
[DEBUG] Read code = 662 (size 10)
[DEBUG] Got code = 662
[DEBUG] Normal case: found entry for code 662 = t
[DEBUG] Inserting entry 'ut' as code 743
Inserted 'tu' as code 743
[DEBUG] Read code = 68 (size 10)
[DEBUG] Got code = 68
[DEBUG] Normal case: found entry for code 68 = ut
[DEBUG] Inserting entry 'D' as code 744
Inserted 'utD' as code 744
[DEBUG] Read code = 69 (size 10)
[DEBUG] Got code = 69
[DEBUG] Normal case: found entry for code 69 = D
[DEBUG] Inserting entry 'E' as code 745
Inserted 'DE' as code 745
[DEBUG] Read code = 122 (size 10)
[DEBUG] Got code = 122
[DEBUG] Normal case: found entry for code 122 = E
[DEBUG] Inserting entry 'z' as code 746
Inserted 'Ez' as code 746
[DEBUG] Read code = 88 (size 10)
[DEBUG] Got code = 88
[DEBUG] Normal case: found entry for code 88 = z
[DEBUG] Inserting entry 'X' as code 747
Inserted 'zX' as code 747
[DEBUG] Read code = 112 (size 10)
[DEBUG] Got code = 112
[DEBUG] Normal case: found entry for code 112 = X
[DEBUG] Inserting entry 'p' as code 748
Inserted 'Xp' as code 748
[DEBUG] Read code = 114 (size 10)
[DEBUG] Got code = 114
[DEBUG] Normal case: found entry for code 114 = p
[DEBUG] Inserting entry 'r' as code 749
Inserted 'pr' as code 749
[DEBUG] Read code = 52 (size 10)
[DEBUG] Got code = 52
[DEBUG] Normal case: found entry for code 52 = r
[DEBUG] Inserting entry '4' as code 750
Inserted 'r4' as code 750
[DEBUG] Read code = 74 (size 10)
[DEBUG] Got code = 74
[DEBUG] Normal case: found entry for code 74 = 4
[DEBUG] Inserting entry 'J' as code 751
Inserted '4J' as code 751
[DEBUG] Read code = 53 (size 10)
[DEBUG] Got code = 53
[DEBUG] Normal case: found entry for code 53 = J
[DEBUG] Inserting entry '5' as code 752
Inserted 'J5' as code 752
[DEBUG] Read code = 65 (size 10)
[DEBUG] Got code = 65
[DEBUG] Normal case: found entry for code 65 = 5
[DEBUG] Inserting entry 'A' as code 753
Inserted '5A' as code 753
[DEBUG] Read code = 558 (size 10)
[DEBUG] Got code = 558
[DEBUG] Normal case: found entry for code 558 = A
[DEBUG] Inserting entry '2B' as code 754
Inserted 'A2' as code 754
[DEBUG] Read code = 43 (size 10)
[DEBUG] Got code = 43
[DEBUG] Normal case: found entry for code 43 = 2B
[DEBUG] Inserting entry '+' as code 755
Inserted '2B+' as code 755
[DEBUG] Read code = 80 (size 10)
[DEBUG] Got code = 80
[DEBUG] Normal case: found entry for code 80 = +
[DEBUG] Inserting entry 'P' as code 756
Inserted '+P' as code 756
[DEBUG] Read code = 65 (size 10)
[DEBUG] Got code = 65
[DEBUG] Normal case: found entry for code 65 = P
[DEBUG] Inserting entry 'A' as code 757
Inserted 'PA' as code 757
[DEBUG] Read code = 43 (size 10)
[DEBUG] Got code = 43
[DEBUG] Normal case: found entry for code 43 = A
[DEBUG] Inserting entry '+' as code 758
Inserted 'A+' as code 758
[DEBUG] Read code = 76 (size 10)
[DEBUG] Got code = 76
[DEBUG] Normal case: found entry for code 76 = +
[DEBUG] Inserting entry 'L' as code 759
Inserted '+L' as code 759
[DEBUG] Read code = 70 (size 10)
[DEBUG] Got code = 70
[DEBUG] Normal case: found entry for code 70 = L
[DEBUG] Inserting entry 'F' as code 760
Inserted 'LF' as code 760
[DEBUG] Read code = 74 (size 10)
[DEBUG] Got code = 74
[DEBUG] Normal case: found entry for code 74 = F
[DEBUG] Inserting entry 'J' as code 761
Inserted 'FJ' as code 761
[DEBUG] Read code = 48 (size 10)
[DEBUG] Got code = 48
[DEBUG] Normal case: found entry for code 48 = J
[DEBUG] Inserting entry '0' as code 762
Inserted 'J0' as code 762
[DEBUG] Read code = 69 (size 10)
[DEBUG] Got code = 69
[DEBUG] Normal case: found entry for code 69 = 0
[DEBUG] Inserting entry 'E' as code 763
Inserted '0E' as code 763
[DEBUG] Read code = 118 (size 10)
[DEBUG] Got code = 118
[DEBUG] Normal case: found entry for code 118 = E
[DEBUG] Inserting entry 'v' as code 764
Inserted 'Ev' as code 764
[DEBUG] Read code = 69 (size 10)
[DEBUG] Got code = 69
[DEBUG] Normal case: found entry for code 69 = v
[DEBUG] Inserting entry 'E' as code 765
Inserted 'vE' as code 765
[DEBUG] Read code = 106 (size 10)
[DEBUG] Got code = 106
[DEBUG] Normal case: found entry for code 106 = E
[DEBUG] Inserting entry 'j' as code 766
Inserted 'Ej' as code 766
[DEBUG] Read code = 70 (size 10)
[DEBUG] Got code = 70
[DEBUG] Normal case: found entry for code 70 = j
[DEBUG] Inserting entry 'F' as code 767
Inserted 'jF' as code 767
[DEBUG] Read code = 87 (size 10)
[DEBUG] Got code = 87
[DEBUG] Normal case: found entry for code 87 = F
[DEBUG] Inserting entry 'W' as code 768
Inserted 'FW' as code 768
[DEBUG] Read code = 117 (size 10)
[DEBUG] Got code = 117
[DEBUG] Normal case: found entry for code 117 = W
[DEBUG] Inserting entry 'u' as code 769
Inserted 'Wu' as code 769
[DEBUG] Read code = 66 (size 10)
[DEBUG] Got code = 66
[DEBUG] Normal case: found entry for code 66 = u
[DEBUG] Inserting entry 'B' as code 770
Inserted 'uB' as code 770
[DEBUG] Read code = 54 (size 10)
[DEBUG] Got code = 54
[DEBUG] Normal case: found entry for code 54 = B
[DEBUG] Inserting entry '6' as code 771
Inserted 'B6' as code 771
[DEBUG] Read code = 121 (size 10)
[DEBUG] Got code = 121
[DEBUG] Normal case: found entry for code 121 = 6
[DEBUG] Inserting entry 'y' as code 772
Inserted '6y' as code 772
[DEBUG] Read code = 10 (size 10)
[DEBUG] Got code = 10
[DEBUG] Normal case: found entry for code 10 = y
[DEBUG] Inserting entry '
' as code 773
Inserted 'y
' as code 773
[DEBUG] Read code = 43 (size 10)
[DEBUG] Got code = 43
[DEBUG] Normal case: found entry for code 43 = 

[DEBUG] Inserting entry '+' as code 774
Inserted '
+' as code 774
[DEBUG] Read code = 56 (size 10)
[DEBUG] Got code = 56
[DEBUG] Normal case: found entry for code 56 = +
[DEBUG] Inserting entry '8' as code 775
Inserted '+8' as code 775
[DEBUG] Read code = 78 (size 10)
[DEBUG] Got code = 78
[DEBUG] Normal case: found entry for code 78 = 8
[DEBUG] Inserting entry 'N' as code 776
Inserted '8N' as code 776
[DEBUG] Read code = 81 (size 10)
[DEBUG] Got code = 81
[DEBUG] Normal case: found entry for code 81 = N
[DEBUG] Inserting entry 'Q' as code 777
Inserted 'NQ' as code 777
[DEBUG] Read code = 89 (size 10)
[DEBUG] Got code = 89
[DEBUG] Normal case: found entry for code 89 = Q
[DEBUG] Inserting entry 'Y' as code 778
Inserted 'QY' as code 778
[DEBUG] Read code = 110 (size 10)
[DEBUG] Got code = 110
[DEBUG] Normal case: found entry for code 110 = Y
[DEBUG] Inserting entry 'n' as code 779
Inserted 'Yn' as code 779
[DEBUG] Read code = 50 (size 10)
[DEBUG] Got code = 50
[DEBUG] Normal case: found entry for code 50 = n
[DEBUG] Inserting entry '2' as code 780
Inserted 'n2' as code 780
[DEBUG] Read code = 72 (size 10)
[DEBUG] Got code = 72
[DEBUG] Normal case: found entry for code 72 = 2
[DEBUG] Inserting entry 'H' as code 781
Inserted '2H' as code 781
[DEBUG] Read code = 502 (size 10)
[DEBUG] Got code = 502
[DEBUG] Normal case: found entry for code 502 = H
[DEBUG] Inserting entry '9Q' as code 782
Inserted 'H9' as code 782
[DEBUG] Read code = 113 (size 10)
[DEBUG] Got code = 113
[DEBUG] Normal case: found entry for code 113 = 9Q
[DEBUG] Inserting entry 'q' as code 783
Inserted '9Qq' as code 783
[DEBUG] Read code = 720 (size 10)
[DEBUG] Got code = 720
[DEBUG] Normal case: found entry for code 720 = q
[DEBUG] Inserting entry 'vz' as code 784
Inserted 'qv' as code 784
[DEBUG] Read code = 79 (size 10)
[DEBUG] Got code = 79
[DEBUG] Normal case: found entry for code 79 = vz
[DEBUG] Inserting entry 'O' as code 785
Inserted 'vzO' as code 785
[DEBUG] Read code = 65 (size 10)
[DEBUG] Got code = 65
[DEBUG] Normal case: found entry for code 65 = O
[DEBUG] Inserting entry 'A' as code 786
Inserted 'OA' as code 786
[DEBUG] Read code = 640 (size 10)
[DEBUG] Got code = 640
[DEBUG] Normal case: found entry for code 640 = A
[DEBUG] Inserting entry '3d' as code 787
Inserted 'A3' as code 787
[DEBUG] Read code = 52 (size 10)
[DEBUG] Got code = 52
[DEBUG] Normal case: found entry for code 52 = 3d
[DEBUG] Inserting entry '4' as code 788
Inserted '3d4' as code 788
[DEBUG] Read code = 90 (size 10)
[DEBUG] Got code = 90
[DEBUG] Normal case: found entry for code 90 = 4
[DEBUG] Inserting entry 'Z' as code 789
Inserted '4Z' as code 789
[DEBUG] Read code = 89 (size 10)
[DEBUG] Got code = 89
[DEBUG] Normal case: found entry for code 89 = Z
[DEBUG] Inserting entry 'Y' as code 790
Inserted 'ZY' as code 790
[DEBUG] Read code = 74 (size 10)
[DEBUG] Got code = 74
[DEBUG] Normal case: found entry for code 74 = Y
[DEBUG] Inserting entry 'J' as code 791
Inserted 'YJ' as code 791
[DEBUG] Read code = 87 (size 10)
[DEBUG] Got code = 87
[DEBUG] Normal case: found entry for code 87 = J
[DEBUG] Inserting entry 'W' as code 792
Inserted 'JW' as code 792
[DEBUG] Read code = 55 (size 10)
[DEBUG] Got code = 55
[DEBUG] Normal case: found entry for code 55 = W
[DEBUG] Inserting entry '7' as code 793
Inserted 'W7' as code 793
[DEBUG] Read code = 75 (size 10)
[DEBUG] Got code = 75
[DEBUG] Normal case: found entry for code 75 = 7
[DEBUG] Inserting entry 'K' as code 794
Inserted '7K' as code 794
[DEBUG] Read code = 87 (size 10)
[DEBUG] Got code = 87
[DEBUG] Normal case: found entry for code 87 = K
[DEBUG] Inserting entry 'W' as code 795
Inserted 'KW' as code 795
[DEBUG] Read code = 68 (size 10)
[DEBUG] Got code = 68
[DEBUG] Normal case: found entry for code 68 = W
[DEBUG] Inserting entry 'D' as code 796
Inserted 'WD' as code 796
[DEBUG] Read code = 117 (size 10)
[DEBUG] Got code = 117
[DEBUG] Normal case: found entry for code 117 = D
[DEBUG] Inserting entry 'u' as code 797
Inserted 'Du' as code 797
[DEBUG] Read code = 103 (size 10)
[DEBUG] Got code = 103
[DEBUG] Normal case: found entry for code 103 = u
[DEBUG] Inserting entry 'g' as code 798
Inserted 'ug' as code 798
[DEBUG] Read code = 90 (size 10)
[DEBUG] Got code = 90
[DEBUG] Normal case: found entry for code 90 = g
[DEBUG] Inserting entry 'Z' as code 799
Inserted 'gZ' as code 799
[DEBUG] Read code = 437 (size 10)
[DEBUG] Got code = 437
[DEBUG] Normal case: found entry for code 437 = Z
[DEBUG] Inserting entry 'pV' as code 800
Inserted 'Zp' as code 800
[DEBUG] Read code = 47 (size 10)
[DEBUG] Got code = 47
[DEBUG] Normal case: found entry for code 47 = pV
[DEBUG] Inserting entry '/' as code 801
Inserted 'pV/' as code 801
[DEBUG] Read code = 51 (size 10)
[DEBUG] Got code = 51
[DEBUG] Normal case: found entry for code 51 = /
[DEBUG] Inserting entry '3' as code 802
Inserted '/3' as code 802
[DEBUG] Read code = 47 (size 10)
[DEBUG] Got code = 47
[DEBUG] Normal case: found entry for code 47 = 3
[DEBUG] Inserting entry '/' as code 803
Inserted '3/' as code 803
[DEBUG] Read code = 66 (size 10)
[DEBUG] Got code = 66
[DEBUG] Normal case: found entry for code 66 = /
[DEBUG] Inserting entry 'B' as code 804
Inserted '/B' as code 804
[DEBUG] Read code = 77 (size 10)
[DEBUG] Got code = 77
[DEBUG] Normal case: found entry for code 77 = B
[DEBUG] Inserting entry 'M' as code 805
Inserted 'BM' as code 805
[DEBUG] Read code = 97 (size 10)
[DEBUG] Got code = 97
[DEBUG] Normal case: found entry for code 97 = M
[DEBUG] Inserting entry 'a' as code 806
Inserted 'Ma' as code 806
[DEBUG] Read code = 304 (size 10)
[DEBUG] Got code = 304
[DEBUG] Normal case: found entry for code 304 = a
[DEBUG] Inserting entry 'zY' as code 807
Inserted 'az' as code 807
[DEBUG] Read code = 72 (size 10)
[DEBUG] Got code = 72
[DEBUG] Normal case: found entry for code 72 = zY
[DEBUG] Inserting entry 'H' as code 808
Inserted 'zYH' as code 808
[DEBUG] Read code = 43 (size 10)
[DEBUG] Got code = 43
[DEBUG] Normal case: found entry for code 43 = H
[DEBUG] Inserting entry '+' as code 809
Inserted 'H+' as code 809
[DEBUG] Read code = 265 (size 10)
[DEBUG] Got code = 265
[DEBUG] Normal case: found entry for code 265 = +
[DEBUG] Inserting entry 'F0' as code 810
Inserted '+F' as code 810
[DEBUG] Read code = 121 (size 10)
[DEBUG] Got code = 121
[DEBUG] Normal case: found entry for code 121 = F0
[DEBUG] Inserting entry 'y' as code 811
Inserted 'F0y' as code 811
[DEBUG] Read code = 88 (size 10)
[DEBUG] Got code = 88
[DEBUG] Normal case: found entry for code 88 = y
[DEBUG] Inserting entry 'X' as code 812
Inserted 'yX' as code 812
[DEBUG] Read code = 77 (size 10)
[DEBUG] Got code = 77
[DEBUG] Normal case: found entry for code 77 = X
[DEBUG] Inserting entry 'M' as code 813
Inserted 'XM' as code 813
[DEBUG] Read code = 82 (size 10)
[DEBUG] Got code = 82
[DEBUG] Normal case: found entry for code 82 = M
[DEBUG] Inserting entry 'R' as code 814
Inserted 'MR' as code 814
[DEBUG] Read code = 57 (size 10)
[DEBUG] Got code = 57
[DEBUG] Normal case: found entry for code 57 = R
[DEBUG] Inserting entry '9' as code 815
Inserted 'R9' as code 815
[DEBUG] Read code = 117 (size 10)
[DEBUG] Got code = 117
[DEBUG] Normal case: found entry for code 117 = 9
[DEBUG] Inserting entry 'u' as code 816
Inserted '9u' as code 816
[DEBUG] Read code = 47 (size 10)
[DEBUG] Got code = 47
[DEBUG] Normal case: found entry for code 47 = u
[DEBUG] Inserting entry '/' as code 817
Inserted 'u/' as code 817
[DEBUG] Read code = 68 (size 10)
[DEBUG] Got code = 68
[DEBUG] Normal case: found entry for code 68 = /
[DEBUG] Inserting entry 'D' as code 818
Inserted '/D' as code 818
[DEBUG] Read code = 66 (size 10)
[DEBUG] Got code = 66
[DEBUG] Normal case: found entry for code 66 = D
[DEBUG] Inserting entry 'B' as code 819
Inserted 'DB' as code 819
[DEBUG] Read code = 47 (size 10)
[DEBUG] Got code = 47
[DEBUG] Normal case: found entry for code 47 = B
[DEBUG] Inserting entry '/' as code 820
Inserted 'B/' as code 820
[DEBUG] Read code = 75 (size 10)
[DEBUG] Got code = 75
[DEBUG] Normal case: found entry for code 75 = /
[DEBUG] Inserting entry 'K' as code 821
Inserted '/K' as code 821
[DEBUG] Read code = 117 (size 10)
[DEBUG] Got code = 117
[DEBUG] Normal case: found entry for code 117 = K
[DEBUG] Inserting entry 'u' as code 822
Inserted 'Ku' as code 822
[DEBUG] Read code = 56 (size 10)
[DEBUG] Got code = 56
[DEBUG] Normal case: found entry for code 56 = u
[DEBUG] Inserting entry '8' as code 823
Inserted 'u8' as code 823
[DEBUG] Read code = 623 (size 10)
[DEBUG] Got code = 623
[DEBUG] Normal case: found entry for code 623 = 8
[DEBUG] Inserting entry 'BP' as code 824
Inserted '8B' as code 824
[DEBUG] Read code = 99 (size 10)
[DEBUG] Got code = 99
[DEBUG] Normal case: found entry for code 99 = BP
[DEBUG] Inserting entry 'c' as code 825
Inserted 'BPc' as code 825
[DEBUG] Read code = 120 (size 10)
[DEBUG] Got code = 120
[DEBUG] Normal case: found entry for code 120 = c
[DEBUG] Inserting entry 'x' as code 826
Inserted 'cx' as code 826
[DEBUG] Read code = 117 (size 10)
[DEBUG] Got code = 117
[DEBUG] Normal case: found entry for code 117 = x
[DEBUG] Inserting entry 'u' as code 827
Inserted 'xu' as code 827
[DEBUG] Read code = 99 (size 10)
[DEBUG] Got code = 99
[DEBUG] Normal case: found entry for code 99 = u
[DEBUG] Inserting entry 'c' as code 828
Inserted 'uc' as code 828
[DEBUG] Read code = 81 (size 10)
[DEBUG] Got code = 81
[DEBUG] Normal case: found entry for code 81 = c
[DEBUG] Inserting entry 'Q' as code 829
Inserted 'cQ' as code 829
[DEBUG] Read code = 112 (size 10)
[DEBUG] Got code = 112
[DEBUG] Normal case: found entry for code 112 = Q
[DEBUG] Inserting entry 'p' as code 830
Inserted 'Qp' as code 830
[DEBUG] Read code = 80 (size 10)
[DEBUG] Got code = 80
[DEBUG] Normal case: found entry for code 80 = p
[DEBUG] Inserting entry 'P' as code 831
Inserted 'pP' as code 831
[DEBUG] Read code = 563 (size 10)
[DEBUG] Got code = 563
[DEBUG] Normal case: found entry for code 563 = P
[DEBUG] Inserting entry 'n4' as code 832
Inserted 'Pn' as code 832
[DEBUG] Read code = 105 (size 10)
[DEBUG] Got code = 105
[DEBUG] Normal case: found entry for code 105 = n4
[DEBUG] Inserting entry 'i' as code 833
Inserted 'n4i' as code 833
[DEBUG] Read code = 67 (size 10)
[DEBUG] Got code = 67
[DEBUG] Normal case: found entry for code 67 = i
[DEBUG] Inserting entry 'C' as code 834
Inserted 'iC' as code 834
[DEBUG] Read code = 696 (size 10)
[DEBUG] Got code = 696
[DEBUG] Normal case: found entry for code 696 = C
[DEBUG] Inserting entry 'wS' as code 835
Inserted 'Cw' as code 835
[DEBUG] Read code = 57 (size 10)
[DEBUG] Got code = 57
[DEBUG] Normal case: found entry for code 57 = wS
[DEBUG] Inserting entry '9' as code 836
Inserted 'wS9' as code 836
[DEBUG] Read code = 48 (size 10)
[DEBUG] Got code = 48
[DEBUG] Normal case: found entry for code 48 = 9
[DEBUG] Inserting entry '0' as code 837
Inserted '90' as code 837
[DEBUG] Read code = 110 (size 10)
[DEBUG] Got code = 110
[DEBUG] Normal case: found entry for code 110 = 0
[DEBUG] Inserting entry 'n' as code 838
Inserted '0n' as code 838
[DEBUG] Read code = 86 (size 10)
[DEBUG] Got code = 86
[DEBUG] Normal case: found entry for code 86 = n
[DEBUG] Inserting entry 'V' as code 839
Inserted 'nV' as code 839
[DEBUG] Read code = 51 (size 10)
[DEBUG] Got code = 51
[DEBUG] Normal case: found entry for code 51 = V
[DEBUG] Inserting entry '3' as code 840
Inserted 'V3' as code 840
[DEBUG] Read code = 10 (size 10)
[DEBUG] Got code = 10
[DEBUG] Normal case: found entry for code 10 = 3
[DEBUG] Inserting entry '
' as code 841
Inserted '3
' as code 841
[DEBUG] Read code = 78 (size 10)
[DEBUG] Got code = 78
[DEBUG] Normal case: found entry for code 78 = 

[DEBUG] Inserting entry 'N' as code 842
Inserted '
N' as code 842
[DEBUG] Read code = 100 (size 10)
[DEBUG] Got code = 100
[DEBUG] Normal case: found entry for code 100 = N
[DEBUG] Inserting entry 'd' as code 843
Inserted 'Nd' as code 843
[DEBUG] Read code = 77 (size 10)
[DEBUG] Got code = 77
[DEBUG] Normal case: found entry for code 77 = d
[DEBUG] Inserting entry 'M' as code 844
Inserted 'dM' as code 844
[DEBUG] Read code = 51 (size 10)
[DEBUG] Got code = 51
[DEBUG] Normal case: found entry for code 51 = M
[DEBUG] Inserting entry '3' as code 845
Inserted 'M3' as code 845
[DEBUG] Read code = 69 (size 10)
[DEBUG] Got code = 69
[DEBUG] Normal case: found entry for code 69 = 3
[DEBUG] Inserting entry 'E' as code 846
Inserted '3E' as code 846
[DEBUG] Read code = 120 (size 10)
[DEBUG] Got code = 120
[DEBUG] Normal case: found entry for code 120 = E
[DEBUG] Inserting entry 'x' as code 847
Inserted 'Ex' as code 847
[DEBUG] Read code = 120 (size 10)
[DEBUG] Got code = 120
[DEBUG] Normal case: found entry for code 120 = x
[DEBUG] Inserting entry 'x' as code 848
Inserted 'xx' as code 848
[DEBUG] Read code = 85 (size 10)
[DEBUG] Got code = 85
[DEBUG] Normal case: found entry for code 85 = x
[DEBUG] Inserting entry 'U' as code 849
Inserted 'xU' as code 849
[DEBUG] Read code = 691 (size 10)
[DEBUG] Got code = 691
[DEBUG] Normal case: found entry for code 691 = U
[DEBUG] Inserting entry 'b0' as code 850
Inserted 'Ub' as code 850
[DEBUG] Read code = 101 (size 10)
[DEBUG] Got code = 101
[DEBUG] Normal case: found entry for code 101 = b0
[DEBUG] Inserting entry 'e' as code 851
Inserted 'b0e' as code 851
[DEBUG] Read code = 323 (size 10)
[DEBUG] Got code = 323
[DEBUG] Normal case: found entry for code 323 = e
[DEBUG] Inserting entry 'xX' as code 852
Inserted 'ex' as code 852
[DEBUG] Read code = 80 (size 10)
[DEBUG] Got code = 80
[DEBUG] Normal case: found entry for code 80 = xX
[DEBUG] Inserting entry 'P' as code 853
Inserted 'xXP' as code 853
[DEBUG] Read code = 89 (size 10)
[DEBUG] Got code = 89
[DEBUG] Normal case: found entry for code 89 = P
[DEBUG] Inserting entry 'Y' as code 854
Inserted 'PY' as code 854
[DEBUG] Read code = 82 (size 10)
[DEBUG] Got code = 82
[DEBUG] Normal case: found entry for code 82 = Y
[DEBUG] Inserting entry 'R' as code 855
Inserted 'YR' as code 855
[DEBUG] Read code = 50 (size 10)
[DEBUG] Got code = 50
[DEBUG] Normal case: found entry for code 50 = R
[DEBUG] Inserting entry '2' as code 856
Inserted 'R2' as code 856
[DEBUG] Read code = 514 (size 10)
[DEBUG] Got code = 514
[DEBUG] Normal case: found entry for code 514 = 2
[DEBUG] Inserting entry 'Lb' as code 857
Inserted '2L' as code 857
[DEBUG] Read code = 57 (size 10)
[DEBUG] Got code = 57
[DEBUG] Normal case: found entry for code 57 = Lb
[DEBUG] Inserting entry '9' as code 858
Inserted 'Lb9' as code 858
[DEBUG] Read code = 84 (size 10)
[DEBUG] Got code = 84
[DEBUG] Normal case: found entry for code 84 = 9
[DEBUG] Inserting entry 'T' as code 859
Inserted '9T' as code 859
[DEBUG] Read code = 50 (size 10)
[DEBUG] Got code = 50
[DEBUG] Normal case: found entry for code 50 = T
[DEBUG] Inserting entry '2' as code 860
Inserted 'T2' as code 860
[DEBUG] Read code = 49 (size 10)
[DEBUG] Got code = 49
[DEBUG] Normal case: found entry for code 49 = 2
[DEBUG] Inserting entry '1' as code 861
Inserted '21' as code 861
[DEBUG] Read code = 122 (size 10)
[DEBUG] Got code = 122
[DEBUG] Normal case: found entry for code 122 = 1
[DEBUG] Inserting entry 'z' as code 862
Inserted '1z' as code 862
[DEBUG] Read code = 54 (size 10)
[DEBUG] Got code = 54
[DEBUG] Normal case: found entry for code 54 = z
[DEBUG] Inserting entry '6' as code 863
Inserted 'z6' as code 863
[DEBUG] Read code = 43 (size 10)
[DEBUG] Got code = 43
[DEBUG] Normal case: found entry for code 43 = 6
[DEBUG] Inserting entry '+' as code 864
Inserted '6+' as code 864
[DEBUG] Read code = 559 (size 10)
[DEBUG] Got code = 559
[DEBUG] Normal case: found entry for code 559 = +
[DEBUG] Inserting entry 'Br' as code 865
Inserted '+B' as code 865
[DEBUG] Read code = 498 (size 10)
[DEBUG] Got code = 498
[DEBUG] Normal case: found entry for code 498 = Br
[DEBUG] Inserting entry 'n7' as code 866
Inserted 'Brn' as code 866
[DEBUG] Read code = 746 (size 10)
[DEBUG] Got code = 746
[DEBUG] Normal case: found entry for code 746 = n7
[DEBUG] Inserting entry 'Ez' as code 867
Inserted 'n7E' as code 867
[DEBUG] Read code = 89 (size 10)
[DEBUG] Got code = 89
[DEBUG] Normal case: found entry for code 89 = Ez
[DEBUG] Inserting entry 'Y' as code 868
Inserted 'EzY' as code 868
[DEBUG] Read code = 118 (size 10)
[DEBUG] Got code = 118
[DEBUG] Normal case: found entry for code 118 = Y
[DEBUG] Inserting entry 'v' as code 869
Inserted 'Yv' as code 869
[DEBUG] Read code = 110 (size 10)
[DEBUG] Got code = 110
[DEBUG] Normal case: found entry for code 110 = v
[DEBUG] Inserting entry 'n' as code 870
Inserted 'vn' as code 870
[DEBUG] Read code = 121 (size 10)
[DEBUG] Got code = 121
[DEBUG] Normal case: found entry for code 121 = n
[DEBUG] Inserting entry 'y' as code 871
Inserted 'ny' as code 871
[DEBUG] Read code = 115 (size 10)
[DEBUG] Got code = 115
[DEBUG] Normal case: found entry for code 115 = y
[DEBUG] Inserting entry 's' as code 872
Inserted 'ys' as code 872
[DEBUG] Read code = 70 (size 10)
[DEBUG] Got code = 70
[DEBUG] Normal case: found entry for code 70 = s
[DEBUG] Inserting entry 'F' as code 873
Inserted 'sF' as code 873
[DEBUG] Read code = 115 (size 10)
[DEBUG] Got code = 115
[DEBUG] Normal case: found entry for code 115 = F
[DEBUG] Inserting entry 's' as code 874
Inserted 'Fs' as code 874
[DEBUG] Read code = 75 (size 10)
[DEBUG] Got code = 75
[DEBUG] Normal case: found entry for code 75 = s
[DEBUG] Inserting entry 'K' as code 875
Inserted 'sK' as code 875
[DEBUG] Read code = 104 (size 10)
[DEBUG] Got code = 104
[DEBUG] Normal case: found entry for code 104 = K
[DEBUG] Inserting entry 'h' as code 876
Inserted 'Kh' as code 876
[DEBUG] Read code = 444 (size 10)
[DEBUG] Got code = 444
[DEBUG] Normal case: found entry for code 444 = h
[DEBUG] Inserting entry 'AL' as code 877
Inserted 'hA' as code 877
[DEBUG] Read code = 450 (size 10)
[DEBUG] Got code = 450
[DEBUG] Normal case: found entry for code 450 = AL
[DEBUG] Inserting entry '9a' as code 878
Inserted 'AL9' as code 878
[DEBUG] Read code = 565 (size 10)
[DEBUG] Got code = 565
[DEBUG] Normal case: found entry for code 565 = 9a
[DEBUG] Inserting entry 'Xc' as code 879
Inserted '9aX' as code 879
[DEBUG] Read code = 84 (size 10)
[DEBUG] Got code = 84
[DEBUG] Normal case: found entry for code 84 = Xc
[DEBUG] Inserting entry 'T' as code 880
Inserted 'XcT' as code 880
[DEBUG] Read code = 423 (size 10)
[DEBUG] Got code = 423
[DEBUG] Normal case: found entry for code 423 = T
[DEBUG] Inserting entry 'Dv' as code 881
Inserted 'TD' as code 881
[DEBUG] Read code = 102 (size 10)
[DEBUG] Got code = 102
[DEBUG] Normal case: found entry for code 102 = Dv
[DEBUG] Inserting entry 'f' as code 882
Inserted 'Dvf' as code 882
[DEBUG] Read code = 120 (size 10)
[DEBUG] Got code = 120
[DEBUG] Normal case: found entry for code 120 = f
[DEBUG] Inserting entry 'x' as code 883
Inserted 'fx' as code 883
[DEBUG] Read code = 53 (size 10)
[DEBUG] Got code = 53
[DEBUG] Normal case: found entry for code 53 = x
[DEBUG] Inserting entry '5' as code 884
Inserted 'x5' as code 884
[DEBUG] Read code = 43 (size 10)
[DEBUG] Got code = 43
[DEBUG] Normal case: found entry for code 43 = 5
[DEBUG] Inserting entry '+' as code 885
Inserted '5+' as code 885
[DEBUG] Read code = 599 (size 10)
[DEBUG] Got code = 599
[DEBUG] Normal case: found entry for code 599 = +
[DEBUG] Inserting entry '9G' as code 886
Inserted '+9' as code 886
[DEBUG] Read code = 48 (size 10)
[DEBUG] Got code = 48
[DEBUG] Normal case: found entry for code 48 = 9G
[DEBUG] Inserting entry '0' as code 887
Inserted '9G0' as code 887
[DEBUG] Read code = 87 (size 10)
[DEBUG] Got code = 87
[DEBUG] Normal case: found entry for code 87 = 0
[DEBUG] Inserting entry 'W' as code 888
Inserted '0W' as code 888
[DEBUG] Read code = 726 (size 10)
[DEBUG] Got code = 726
[DEBUG] Normal case: found entry for code 726 = W
[DEBUG] Inserting entry 'jo' as code 889
Inserted 'Wj' as code 889
[DEBUG] Read code = 48 (size 10)
[DEBUG] Got code = 48
[DEBUG] Normal case: found entry for code 48 = jo
[DEBUG] Inserting entry '0' as code 890
Inserted 'jo0' as code 890
[DEBUG] Read code = 102 (size 10)
[DEBUG] Got code = 102
[DEBUG] Normal case: found entry for code 102 = 0
[DEBUG] Inserting entry 'f' as code 891
Inserted '0f' as code 891
[DEBUG] Read code = 100 (size 10)
[DEBUG] Got code = 100
[DEBUG] Normal case: found entry for code 100 = f
[DEBUG] Inserting entry 'd' as code 892
Inserted 'fd' as code 892
[DEBUG] Read code = 73 (size 10)
[DEBUG] Got code = 73
[DEBUG] Normal case: found entry for code 73 = d
[DEBUG] Inserting entry 'I' as code 893
Inserted 'dI' as code 893
[DEBUG] Read code = 117 (size 10)
[DEBUG] Got code = 117
[DEBUG] Normal case: found entry for code 117 = I
[DEBUG] Inserting entry 'u' as code 894
Inserted 'Iu' as code 894
[DEBUG] Read code = 618 (size 10)
[DEBUG] Got code = 618
[DEBUG] Normal case: found entry for code 618 = u
[DEBUG] Inserting entry '4M' as code 895
Inserted 'u4' as code 895
[DEBUG] Read code = 101 (size 10)
[DEBUG] Got code = 101
[DEBUG] Normal case: found entry for code 101 = 4M
[DEBUG] Inserting entry 'e' as code 896
Inserted '4Me' as code 896
[DEBUG] Read code = 102 (size 10)
[DEBUG] Got code = 102
[DEBUG] Normal case: found entry for code 102 = e
[DEBUG] Inserting entry 'f' as code 897
Inserted 'ef' as code 897
[DEBUG] Read code = 86 (size 10)
[DEBUG] Got code = 86
[DEBUG] Normal case: found entry for code 86 = f
[DEBUG] Inserting entry 'V' as code 898
Inserted 'fV' as code 898
[DEBUG] Read code = 108 (size 10)
[DEBUG] Got code = 108
[DEBUG] Normal case: found entry for code 108 = V
[DEBUG] Inserting entry 'l' as code 899
Inserted 'Vl' as code 899
[DEBUG] Read code = 111 (size 10)
[DEBUG] Got code = 111
[DEBUG] Normal case: found entry for code 111 = l
[DEBUG] Inserting entry 'o' as code 900
Inserted 'lo' as code 900
[DEBUG] Read code = 43 (size 10)
[DEBUG] Got code = 43
[DEBUG] Normal case: found entry for code 43 = o
[DEBUG] Inserting entry '+' as code 901
Inserted 'o+' as code 901
[DEBUG] Read code = 850 (size 10)
[DEBUG] Got code = 850
[DEBUG] Normal case: found entry for code 850 = +
[DEBUG] Inserting entry 'Ub' as code 902
Inserted '+U' as code 902
[DEBUG] Read code = 409 (size 10)
[DEBUG] Got code = 409
[DEBUG] Normal case: found entry for code 409 = Ub
[DEBUG] Inserting entry '2
' as code 903
Inserted 'Ub2' as code 903
[DEBUG] Read code = 53 (size 10)
[DEBUG] Got code = 53
[DEBUG] Normal case: found entry for code 53 = 2

[DEBUG] Inserting entry '5' as code 904
Inserted '2
5' as code 904
[DEBUG] Read code = 110 (size 10)
[DEBUG] Got code = 110
[DEBUG] Normal case: found entry for code 110 = 5
[DEBUG] Inserting entry 'n' as code 905
Inserted '5n' as code 905
[DEBUG] Read code = 111 (size 10)
[DEBUG] Got code = 111
[DEBUG] Normal case: found entry for code 111 = n
[DEBUG] Inserting entry 'o' as code 906
Inserted 'no' as code 906
[DEBUG] Read code = 84 (size 10)
[DEBUG] Got code = 84
[DEBUG] Normal case: found entry for code 84 = o
[DEBUG] Inserting entry 'T' as code 907
Inserted 'oT' as code 907
[DEBUG] Read code = 77 (size 10)
[DEBUG] Got code = 77
[DEBUG] Normal case: found entry for code 77 = T
[DEBUG] Inserting entry 'M' as code 908
Inserted 'TM' as code 908
[DEBUG] Read code = 65 (size 10)
[DEBUG] Got code = 65
[DEBUG] Normal case: found entry for code 65 = M
[DEBUG] Inserting entry 'A' as code 909
Inserted 'MA' as code 909
[DEBUG] Read code = 52 (size 10)
[DEBUG] Got code = 52
[DEBUG] Normal case: found entry for code 52 = A
[DEBUG] Inserting entry '4' as code 910
Inserted 'A4' as code 910
[DEBUG] Read code = 49 (size 10)
[DEBUG] Got code = 49
[DEBUG] Normal case: found entry for code 49 = 4
[DEBUG] Inserting entry '1' as code 911
Inserted '41' as code 911
[DEBUG] Read code = 756 (size 10)
[DEBUG] Got code = 756
[DEBUG] Normal case: found entry for code 756 = 1
[DEBUG] Inserting entry '+P' as code 912
Inserted '1+' as code 912
[DEBUG] Read code = 68 (size 10)
[DEBUG] Got code = 68
[DEBUG] Normal case: found entry for code 68 = +P
[DEBUG] Inserting entry 'D' as code 913
Inserted '+PD' as code 913
[DEBUG] Read code = 74 (size 10)
[DEBUG] Got code = 74
[DEBUG] Normal case: found entry for code 74 = D
[DEBUG] Inserting entry 'J' as code 914
Inserted 'DJ' as code 914
[DEBUG] Read code = 107 (size 10)
[DEBUG] Got code = 107
[DEBUG] Normal case: found entry for code 107 = J
[DEBUG] Inserting entry 'k' as code 915
Inserted 'Jk' as code 915
[DEBUG] Read code = 322 (size 10)
[DEBUG] Got code = 322
[DEBUG] Normal case: found entry for code 322 = k
[DEBUG] Inserting entry 'mx' as code 916
Inserted 'km' as code 916
[DEBUG] Read code = 54 (size 10)
[DEBUG] Got code = 54
[DEBUG] Normal case: found entry for code 54 = mx
[DEBUG] Inserting entry '6' as code 917
Inserted 'mx6' as code 917
[DEBUG] Read code = 115 (size 10)
[DEBUG] Got code = 115
[DEBUG] Normal case: found entry for code 115 = 6
[DEBUG] Inserting entry 's' as code 918
Inserted '6s' as code 918
[DEBUG] Read code = 68 (size 10)
[DEBUG] Got code = 68
[DEBUG] Normal case: found entry for code 68 = s
[DEBUG] Inserting entry 'D' as code 919
Inserted 'sD' as code 919
[DEBUG] Read code = 81 (size 10)
[DEBUG] Got code = 81
[DEBUG] Normal case: found entry for code 81 = D
[DEBUG] Inserting entry 'Q' as code 920
Inserted 'DQ' as code 920
[DEBUG] Read code = 72 (size 10)
[DEBUG] Got code = 72
[DEBUG] Normal case: found entry for code 72 = Q
[DEBUG] Inserting entry 'H' as code 921
Inserted 'QH' as code 921
[DEBUG] Read code = 85 (size 10)
[DEBUG] Got code = 85
[DEBUG] Normal case: found entry for code 85 = H
[DEBUG] Inserting entry 'U' as code 922
Inserted 'HU' as code 922
[DEBUG] Read code = 76 (size 10)
[DEBUG] Got code = 76
[DEBUG] Normal case: found entry for code 76 = U
[DEBUG] Inserting entry 'L' as code 923
Inserted 'UL' as code 923
[DEBUG] Read code = 48 (size 10)
[DEBUG] Got code = 48
[DEBUG] Normal case: found entry for code 48 = L
[DEBUG] Inserting entry '0' as code 924
Inserted 'L0' as code 924
[DEBUG] Read code = 80 (size 10)
[DEBUG] Got code = 80
[DEBUG] Normal case: found entry for code 80 = 0
[DEBUG] Inserting entry 'P' as code 925
Inserted '0P' as code 925
[DEBUG] Read code = 74 (size 10)
[DEBUG] Got code = 74
[DEBUG] Normal case: found entry for code 74 = P
[DEBUG] Inserting entry 'J' as code 926
Inserted 'PJ' as code 926
[DEBUG] Read code = 109 (size 10)
[DEBUG] Got code = 109
[DEBUG] Normal case: found entry for code 109 = J
[DEBUG] Inserting entry 'm' as code 927
Inserted 'Jm' as code 927
[DEBUG] Read code = 266 (size 10)
[DEBUG] Got code = 266
[DEBUG] Normal case: found entry for code 266 = m
[DEBUG] Inserting entry '0S' as code 928
Inserted 'm0' as code 928
[DEBUG] Read code = 101 (size 10)
[DEBUG] Got code = 101
[DEBUG] Normal case: found entry for code 101 = 0S
[DEBUG] Inserting entry 'e' as code 929
Inserted '0Se' as code 929
[DEBUG] Read code = 84 (size 10)
[DEBUG] Got code = 84
[DEBUG] Normal case: found entry for code 84 = e
[DEBUG] Inserting entry 'T' as code 930
Inserted 'eT' as code 930
[DEBUG] Read code = 51 (size 10)
[DEBUG] Got code = 51
[DEBUG] Normal case: found entry for code 51 = T
[DEBUG] Inserting entry '3' as code 931
Inserted 'T3' as code 931
[DEBUG] Read code = 110 (size 10)
[DEBUG] Got code = 110
[DEBUG] Normal case: found entry for code 110 = 3
[DEBUG] Inserting entry 'n' as code 932
Inserted '3n' as code 932
[DEBUG] Read code = 99 (size 10)
[DEBUG] Got code = 99
[DEBUG] Normal case: found entry for code 99 = n
[DEBUG] Inserting entry 'c' as code 933
Inserted 'nc' as code 933
[DEBUG] Read code = 102 (size 10)
[DEBUG] Got code = 102
[DEBUG] Normal case: found entry for code 102 = c
[DEBUG] Inserting entry 'f' as code 934
Inserted 'cf' as code 934
[DEBUG] Read code = 110 (size 10)
[DEBUG] Got code = 110
[DEBUG] Normal case: found entry for code 110 = f
[DEBUG] Inserting entry 'n' as code 935
Inserted 'fn' as code 935
[DEBUG] Read code = 453 (size 10)
[DEBUG] Got code = 453
[DEBUG] Normal case: found entry for code 453 = n
[DEBUG] Inserting entry 'eO' as code 936
Inserted 'ne' as code 936
[DEBUG] Read code = 56 (size 10)
[DEBUG] Got code = 56
[DEBUG] Normal case: found entry for code 56 = eO
[DEBUG] Inserting entry '8' as code 937
Inserted 'eO8' as code 937
[DEBUG] Read code = 83 (size 10)
[DEBUG] Got code = 83
[DEBUG] Normal case: found entry for code 83 = 8
[DEBUG] Inserting entry 'S' as code 938
Inserted '8S' as code 938
[DEBUG] Read code = 862 (size 10)
[DEBUG] Got code = 862
[DEBUG] Normal case: found entry for code 862 = S
[DEBUG] Inserting entry '1z' as code 939
Inserted 'S1' as code 939
[DEBUG] Read code = 98 (size 10)
[DEBUG] Got code = 98
[DEBUG] Normal case: found entry for code 98 = 1z
[DEBUG] Inserting entry 'b' as code 940
Inserted '1zb' as code 940
[DEBUG] Read code = 85 (size 10)
[DEBUG] Got code = 85
[DEBUG] Normal case: found entry for code 85 = b
[DEBUG] Inserting entry 'U' as code 941
Inserted 'bU' as code 941
[DEBUG] Read code = 115 (size 10)
[DEBUG] Got code = 115
[DEBUG] Normal case: found entry for code 115 = U
[DEBUG] Inserting entry 's' as code 942
Inserted 'Us' as code 942
[DEBUG] Read code = 89 (size 10)
[DEBUG] Got code = 89
[DEBUG] Normal case: found entry for code 89 = s
[DEBUG] Inserting entry 'Y' as code 943
Inserted 'sY' as code 943
[DEBUG] Read code = 111 (size 10)
[DEBUG] Got code = 111
[DEBUG] Normal case: found entry for code 111 = Y
[DEBUG] Inserting entry 'o' as code 944
Inserted 'Yo' as code 944
[DEBUG] Read code = 87 (size 10)
[DEBUG] Got code = 87
[DEBUG] Normal case: found entry for code 87 = o
[DEBUG] Inserting entry 'W' as code 945
Inserted 'oW' as code 945
[DEBUG] Read code = 74 (size 10)
[DEBUG] Got code = 74
[DEBUG] Normal case: found entry for code 74 = W
[DEBUG] Inserting entry 'J' as code 946
Inserted 'WJ' as code 946
[DEBUG] Read code = 76 (size 10)
[DEBUG] Got code = 76
[DEBUG] Normal case: found entry for code 76 = J
[DEBUG] Inserting entry 'L' as code 947
Inserted 'JL' as code 947
[DEBUG] Read code = 52 (size 10)
[DEBUG] Got code = 52
[DEBUG] Normal case: found entry for code 52 = L
[DEBUG] Inserting entry '4' as code 948
Inserted 'L4' as code 948
[DEBUG] Read code = 102 (size 10)
[DEBUG] Got code = 102
[DEBUG] Normal case: found entry for code 102 = 4
[DEBUG] Inserting entry 'f' as code 949
Inserted '4f' as code 949
[DEBUG] Read code = 66 (size 10)
[DEBUG] Got code = 66
[DEBUG] Normal case: found entry for code 66 = f
[DEBUG] Inserting entry 'B' as code 950
Inserted 'fB' as code 950
[DEBUG] Read code = 51 (size 10)
[DEBUG] Got code = 51
[DEBUG] Normal case: found entry for code 51 = B
[DEBUG] Inserting entry '3' as code 951
Inserted 'B3' as code 951
[DEBUG] Read code = 74 (size 10)
[DEBUG] Got code = 74
[DEBUG] Normal case: found entry for code 74 = 3
[DEBUG] Inserting entry 'J' as code 952
Inserted '3J' as code 952
[DEBUG] Read code = 57 (size 10)
[DEBUG] Got code = 57
[DEBUG] Normal case: found entry for code 57 = J
[DEBUG] Inserting entry '9' as code 953
Inserted 'J9' as code 953
[DEBUG] Read code = 50 (size 10)
[DEBUG] Got code = 50
[DEBUG] Normal case: found entry for code 50 = 9
[DEBUG] Inserting entry '2' as code 954
Inserted '92' as code 954
[DEBUG] Read code = 74 (size 10)
[DEBUG] Got code = 74
[DEBUG] Normal case: found entry for code 74 = 2
[DEBUG] Inserting entry 'J' as code 955
Inserted '2J' as code 955
[DEBUG] Read code = 85 (size 10)
[DEBUG] Got code = 85
[DEBUG] Normal case: found entry for code 85 = J
[DEBUG] Inserting entry 'U' as code 956
Inserted 'JU' as code 956
[DEBUG] Read code = 79 (size 10)
[DEBUG] Got code = 79
[DEBUG] Normal case: found entry for code 79 = U
[DEBUG] Inserting entry 'O' as code 957
Inserted 'UO' as code 957
[DEBUG] Read code = 748 (size 10)
[DEBUG] Got code = 748
[DEBUG] Normal case: found entry for code 748 = O
[DEBUG] Inserting entry 'Xp' as code 958
Inserted 'OX' as code 958
[DEBUG] Read code = 78 (size 10)
[DEBUG] Got code = 78
[DEBUG] Normal case: found entry for code 78 = Xp
[DEBUG] Inserting entry 'N' as code 959
Inserted 'XpN' as code 959
[DEBUG] Read code = 71 (size 10)
[DEBUG] Got code = 71
[DEBUG] Normal case: found entry for code 71 = N
[DEBUG] Inserting entry 'G' as code 960
Inserted 'NG' as code 960
[DEBUG] Read code = 88 (size 10)
[DEBUG] Got code = 88
[DEBUG] Normal case: found entry for code 88 = G
[DEBUG] Inserting entry 'X' as code 961
Inserted 'GX' as code 961
[DEBUG] Read code = 82 (size 10)
[DEBUG] Got code = 82
[DEBUG] Normal case: found entry for code 82 = X
[DEBUG] Inserting entry 'R' as code 962
Inserted 'XR' as code 962
[DEBUG] Read code = 108 (size 10)
[DEBUG] Got code = 108
[DEBUG] Normal case: found entry for code 108 = R
[DEBUG] Inserting entry 'l' as code 963
Inserted 'Rl' as code 963
[DEBUG] Read code = 73 (size 10)
[DEBUG] Got code = 73
[DEBUG] Normal case: found entry for code 73 = l
[DEBUG] Inserting entry 'I' as code 964
Inserted 'lI' as code 964
[DEBUG] Read code = 81 (size 10)
[DEBUG] Got code = 81
[DEBUG] Normal case: found entry for code 81 = I
[DEBUG] Inserting entry 'Q' as code 965
Inserted 'IQ' as code 965
[DEBUG] Read code = 71 (size 10)
[DEBUG] Got code = 71
[DEBUG] Normal case: found entry for code 71 = Q
[DEBUG] Inserting entry 'G' as code 966
Inserted 'QG' as code 966
[DEBUG] Read code = 398 (size 10)
[DEBUG] Got code = 398
[DEBUG] Normal case: found entry for code 398 = G
[DEBUG] Inserting entry 'Gc' as code 967
Inserted 'GG' as code 967
[DEBUG] Read code = 109 (size 10)
[DEBUG] Got code = 109
[DEBUG] Normal case: found entry for code 109 = Gc
[DEBUG] Inserting entry 'm' as code 968
Inserted 'Gcm' as code 968
[DEBUG] Read code = 350 (size 10)
[DEBUG] Got code = 350
[DEBUG] Normal case: found entry for code 350 = m
[DEBUG] Inserting entry 'Ss' as code 969
Inserted 'mS' as code 969
[DEBUG] Read code = 114 (size 10)
[DEBUG] Got code = 114
[DEBUG] Normal case: found entry for code 114 = Ss
[DEBUG] Inserting entry 'r' as code 970
Inserted 'Ssr' as code 970
[DEBUG] Read code = 841 (size 10)
[DEBUG] Got code = 841
[DEBUG] Normal case: found entry for code 841 = r
[DEBUG] Inserting entry '3
' as code 971
Inserted 'r3' as code 971
[DEBUG] Read code = 86 (size 10)
[DEBUG] Got code = 86
[DEBUG] Normal case: found entry for code 86 = 3

[DEBUG] Inserting entry 'V' as code 972
Inserted '3
V' as code 972
[DEBUG] Read code = 330 (size 10)
[DEBUG] Got code = 330
[DEBUG] Normal case: found entry for code 330 = V
[DEBUG] Inserting entry 'to' as code 973
Inserted 'Vt' as code 973
[DEBUG] Read code = 121 (size 10)
[DEBUG] Got code = 121
[DEBUG] Normal case: found entry for code 121 = to
[DEBUG] Inserting entry 'y' as code 974
Inserted 'toy' as code 974
[DEBUG] Read code = 117 (size 10)
[DEBUG] Got code = 117
[DEBUG] Normal case: found entry for code 117 = y
[DEBUG] Inserting entry 'u' as code 975
Inserted 'yu' as code 975
[DEBUG] Read code = 105 (size 10)
[DEBUG] Got code = 105
[DEBUG] Normal case: found entry for code 105 = u
[DEBUG] Inserting entry 'i' as code 976
Inserted 'ui' as code 976
[DEBUG] Read code = 69 (size 10)
[DEBUG] Got code = 69
[DEBUG] Normal case: found entry for code 69 = i
[DEBUG] Inserting entry 'E' as code 977
Inserted 'iE' as code 977
[DEBUG] Read code = 72 (size 10)
[DEBUG] Got code = 72
[DEBUG] Normal case: found entry for code 72 = E
[DEBUG] Inserting entry 'H' as code 978
Inserted 'EH' as code 978
[DEBUG] Read code = 753 (size 10)
[DEBUG] Got code = 753
[DEBUG] Normal case: found entry for code 753 = H
[DEBUG] Inserting entry '5A' as code 979
Inserted 'H5' as code 979
[DEBUG] Read code = 57 (size 10)
[DEBUG] Got code = 57
[DEBUG] Normal case: found entry for code 57 = 5A
[DEBUG] Inserting entry '9' as code 980
Inserted '5A9' as code 980
[DEBUG] Read code = 82 (size 10)
[DEBUG] Got code = 82
[DEBUG] Normal case: found entry for code 82 = 9
[DEBUG] Inserting entry 'R' as code 981
Inserted '9R' as code 981
[DEBUG] Read code = 107 (size 10)
[DEBUG] Got code = 107
[DEBUG] Normal case: found entry for code 107 = R
[DEBUG] Inserting entry 'k' as code 982
Inserted 'Rk' as code 982
[DEBUG] Read code = 82 (size 10)
[DEBUG] Got code = 82
[DEBUG] Normal case: found entry for code 82 = k
[DEBUG] Inserting entry 'R' as code 983
Inserted 'kR' as code 983
[DEBUG] Read code = 109 (size 10)
[DEBUG] Got code = 109
[DEBUG] Normal case: found entry for code 109 = R
[DEBUG] Inserting entry 'm' as code 984
Inserted 'Rm' as code 984
[DEBUG] Read code = 98 (size 10)
[DEBUG] Got code = 98
[DEBUG] Normal case: found entry for code 98 = m
[DEBUG] Inserting entry 'b' as code 985
Inserted 'mb' as code 985
[DEBUG] Read code = 82 (size 10)
[DEBUG] Got code = 82
[DEBUG] Normal case: found entry for code 82 = b
[DEBUG] Inserting entry 'R' as code 986
Inserted 'bR' as code 986
[DEBUG] Read code = 56 (size 10)
[DEBUG] Got code = 56
[DEBUG] Normal case: found entry for code 56 = R
[DEBUG] Inserting entry '8' as code 987
Inserted 'R8' as code 987
[DEBUG] Read code = 52 (size 10)
[DEBUG] Got code = 52
[DEBUG] Normal case: found entry for code 52 = 8
[DEBUG] Inserting entry '4' as code 988
Inserted '84' as code 988
[DEBUG] Read code = 110 (size 10)
[DEBUG] Got code = 110
[DEBUG] Normal case: found entry for code 110 = 4
[DEBUG] Inserting entry 'n' as code 989
Inserted '4n' as code 989
[DEBUG] Read code = 112 (size 10)
[DEBUG] Got code = 112
[DEBUG] Normal case: found entry for code 112 = n
[DEBUG] Inserting entry 'p' as code 990
Inserted 'np' as code 990
[DEBUG] Read code = 97 (size 10)
[DEBUG] Got code = 97
[DEBUG] Normal case: found entry for code 97 = p
[DEBUG] Inserting entry 'a' as code 991
Inserted 'pa' as code 991
[DEBUG] Read code = 113 (size 10)
[DEBUG] Got code = 113
[DEBUG] Normal case: found entry for code 113 = a
[DEBUG] Inserting entry 'q' as code 992
Inserted 'aq' as code 992
[DEBUG] Read code = 105 (size 10)
[DEBUG] Got code = 105
[DEBUG] Normal case: found entry for code 105 = q
[DEBUG] Inserting entry 'i' as code 993
Inserted 'qi' as code 993
[DEBUG] Read code = 103 (size 10)
[DEBUG] Got code = 103
[DEBUG] Normal case: found entry for code 103 = i
[DEBUG] Inserting entry 'g' as code 994
Inserted 'ig' as code 994
[DEBUG] Read code = 75 (size 10)
[DEBUG] Got code = 75
[DEBUG] Normal case: found entry for code 75 = g
[DEBUG] Inserting entry 'K' as code 995
Inserted 'gK' as code 995
[DEBUG] Read code = 85 (size 10)
[DEBUG] Got code = 85
[DEBUG] Normal case: found entry for code 85 = K
[DEBUG] Inserting entry 'U' as code 996
Inserted 'KU' as code 996
[DEBUG] Read code = 49 (size 10)
[DEBUG] Got code = 49
[DEBUG] Normal case: found entry for code 49 = U
[DEBUG] Inserting entry '1' as code 997
Inserted 'U1' as code 997
[DEBUG] Read code = 914 (size 10)
[DEBUG] Got code = 914
[DEBUG] Normal case: found entry for code 914 = 1
[DEBUG] Inserting entry 'DJ' as code 998
Inserted '1D' as code 998
[DEBUG] Read code = 118 (size 10)
[DEBUG] Got code = 118
[DEBUG] Normal case: found entry for code 118 = DJ
[DEBUG] Inserting entry 'v' as code 999
Inserted 'DJv' as code 999
[DEBUG] Read code = 50 (size 10)
[DEBUG] Got code = 50
[DEBUG] Normal case: found entry for code 50 = v
[DEBUG] Inserting entry '2' as code 1000
Inserted 'v2' as code 1000
[DEBUG] Read code = 77 (size 10)
[DEBUG] Got code = 77
[DEBUG] Normal case: found entry for code 77 = 2
[DEBUG] Inserting entry 'M' as code 1001
Inserted '2M' as code 1001
[DEBUG] Read code = 114 (size 10)
[DEBUG] Got code = 114
[DEBUG] Normal case: found entry for code 114 = M
[DEBUG] Inserting entry 'r' as code 1002
Inserted 'Mr' as code 1002
[DEBUG] Read code = 71 (size 10)
[DEBUG] Got code = 71
[DEBUG] Normal case: found entry for code 71 = r
[DEBUG] Inserting entry 'G' as code 1003
Inserted 'rG' as code 1003
[DEBUG] Read code = 53 (size 10)
[DEBUG] Got code = 53
[DEBUG] Normal case: found entry for code 53 = G
[DEBUG] Inserting entry '5' as code 1004
Inserted 'G5' as code 1004
[DEBUG] Read code = 702 (size 10)
[DEBUG] Got code = 702
[DEBUG] Normal case: found entry for code 702 = 5
[DEBUG] Inserting entry 'Oo' as code 1005
Inserted '5O' as code 1005
[DEBUG] Read code = 86 (size 10)
[DEBUG] Got code = 86
[DEBUG] Normal case: found entry for code 86 = Oo
[DEBUG] Inserting entry 'V' as code 1006
Inserted 'OoV' as code 1006
[DEBUG] Read code = 872 (size 10)
[DEBUG] Got code = 872
[DEBUG] Normal case: found entry for code 872 = V
[DEBUG] Inserting entry 'ys' as code 1007
Inserted 'Vy' as code 1007
[DEBUG] Read code = 73 (size 10)
[DEBUG] Got code = 73
[DEBUG] Normal case: found entry for code 73 = ys
[DEBUG] Inserting entry 'I' as code 1008
Inserted 'ysI' as code 1008
[DEBUG] Read code = 74 (size 10)
[DEBUG] Got code = 74
[DEBUG] Normal case: found entry for code 74 = I
[DEBUG] Inserting entry 'J' as code 1009
Inserted 'IJ' as code 1009
[DEBUG] Read code = 106 (size 10)
[DEBUG] Got code = 106
[DEBUG] Normal case: found entry for code 106 = J
[DEBUG] Inserting entry 'j' as code 1010
Inserted 'Jj' as code 1010
[DEBUG] Read code = 85 (size 10)
[DEBUG] Got code = 85
[DEBUG] Normal case: found entry for code 85 = j
[DEBUG] Inserting entry 'U' as code 1011
Inserted 'jU' as code 1011
[DEBUG] Read code = 83 (size 10)
[DEBUG] Got code = 83
[DEBUG] Normal case: found entry for code 83 = U
[DEBUG] Inserting entry 'S' as code 1012
Inserted 'US' as code 1012
[DEBUG] Read code = 51 (size 10)
[DEBUG] Got code = 51
[DEBUG] Normal case: found entry for code 51 = S
[DEBUG] Inserting entry '3' as code 1013
Inserted 'S3' as code 1013
[DEBUG] Read code = 86 (size 10)
[DEBUG] Got code = 86
[DEBUG] Normal case: found entry for code 86 = 3
[DEBUG] Inserting entry 'V' as code 1014
Inserted '3V' as code 1014
[DEBUG] Read code = 77 (size 10)
[DEBUG] Got code = 77
[DEBUG] Normal case: found entry for code 77 = V
[DEBUG] Inserting entry 'M' as code 1015
Inserted 'VM' as code 1015
[DEBUG] Read code = 76 (size 10)
[DEBUG] Got code = 76
[DEBUG] Normal case: found entry for code 76 = M
[DEBUG] Inserting entry 'L' as code 1016
Inserted 'ML' as code 1016
[DEBUG] Read code = 105 (size 10)
[DEBUG] Got code = 105
[DEBUG] Normal case: found entry for code 105 = L
[DEBUG] Inserting entry 'i' as code 1017
Inserted 'Li' as code 1017
[DEBUG] Read code = 66 (size 10)
[DEBUG] Got code = 66
[DEBUG] Normal case: found entry for code 66 = i
[DEBUG] Inserting entry 'B' as code 1018
Inserted 'iB' as code 1018
[DEBUG] Read code = 73 (size 10)
[DEBUG] Got code = 73
[DEBUG] Normal case: found entry for code 73 = B
[DEBUG] Inserting entry 'I' as code 1019
Inserted 'BI' as code 1019
[DEBUG] Read code = 103 (size 10)
[DEBUG] Got code = 103
[DEBUG] Normal case: found entry for code 103 = I
[DEBUG] Inserting entry 'g' as code 1020
Inserted 'Ig' as code 1020
[DEBUG] Read code = 122 (size 10)
[DEBUG] Got code = 122
[DEBUG] Normal case: found entry for code 122 = g
[DEBUG] Inserting entry 'z' as code 1021
Inserted 'gz' as code 1021
[DEBUG] Read code = 102 (size 10)
[DEBUG] Got code = 102
[DEBUG] Normal case: found entry for code 102 = z
[DEBUG] Inserting entry 'f' as code 1022
Inserted 'zf' as code 1022
[DEBUG] Read code = 0 (size 10)
[DEBUG] Got code = 0
[DEBUG] Normal case: found entry for code 0 = f
[DEBUG] Inserting entry '' as code 1023
Inserted 'f' as code 1023
[DEBUG] Increased codeSize to 11 due to full dictionary
[DEBUG] Read code = 627 (size 11)
[DEBUG] Got code = 627
[DEBUG] Normal case: found entry for code 627 = 
[DEBUG] Inserting entry '61' as code 1024
Inserted '6' as code 1024
[DEBUG] Read code = 55 (size 11)
[DEBUG] Got code = 55
[DEBUG] Normal case: found entry for code 55 = 61
[DEBUG] Inserting entry '7' as code 1025
Inserted '617' as code 1025
[DEBUG] Read code = 66 (size 11)
[DEBUG] Got code = 66
[DEBUG] Normal case: found entry for code 66 = 7
[DEBUG] Inserting entry 'B' as code 1026
Inserted '7B' as code 1026
[DEBUG] Read code = 119 (size 11)
[DEBUG] Got code = 119
[DEBUG] Normal case: found entry for code 119 = B
[DEBUG] Inserting entry 'w' as code 1027
Inserted 'Bw' as code 1027
[DEBUG] Read code = 119 (size 11)
[DEBUG] Got code = 119
[DEBUG] Normal case: found entry for code 119 = w
[DEBUG] Inserting entry 'w' as code 1028
Inserted 'ww' as code 1028
[DEBUG] Read code = 121 (size 11)
[DEBUG] Got code = 121
[DEBUG] Normal case: found entry for code 121 = w
[DEBUG] Inserting entry 'y' as code 1029
Inserted 'wy' as code 1029
[DEBUG] Read code = 590 (size 11)
[DEBUG] Got code = 590
[DEBUG] Normal case: found entry for code 590 = y
[DEBUG] Inserting entry 'zk' as code 1030
Inserted 'yz' as code 1030
[DEBUG] Read code = 531 (size 11)
[DEBUG] Got code = 531
[DEBUG] Normal case: found entry for code 531 = zk
[DEBUG] Inserting entry 'pb' as code 1031
Inserted 'zkp' as code 1031
[DEBUG] Read code = 77 (size 11)
[DEBUG] Got code = 77
[DEBUG] Normal case: found entry for code 77 = pb
[DEBUG] Inserting entry 'M' as code 1032
Inserted 'pbM' as code 1032
[DEBUG] Read code = 68 (size 11)
[DEBUG] Got code = 68
[DEBUG] Normal case: found entry for code 68 = M
[DEBUG] Inserting entry 'D' as code 1033
Inserted 'MD' as code 1033
[DEBUG] Read code = 47 (size 11)
[DEBUG] Got code = 47
[DEBUG] Normal case: found entry for code 47 = D
[DEBUG] Inserting entry '/' as code 1034
Inserted 'D/' as code 1034
[DEBUG] Read code = 645 (size 11)
[DEBUG] Got code = 645
[DEBUG] Normal case: found entry for code 645 = /
[DEBUG] Inserting entry 'C6' as code 1035
Inserted '/C' as code 1035
[DEBUG] Read code = 98 (size 11)
[DEBUG] Got code = 98
[DEBUG] Normal case: found entry for code 98 = C6
[DEBUG] Inserting entry 'b' as code 1036
Inserted 'C6b' as code 1036
[DEBUG] Read code = 77 (size 11)
[DEBUG] Got code = 77
[DEBUG] Normal case: found entry for code 77 = b
[DEBUG] Inserting entry 'M' as code 1037
Inserted 'bM' as code 1037
[DEBUG] Read code = 71 (size 11)
[DEBUG] Got code = 71
[DEBUG] Normal case: found entry for code 71 = M
[DEBUG] Inserting entry 'G' as code 1038
Inserted 'MG' as code 1038
[DEBUG] Read code = 107 (size 11)
[DEBUG] Got code = 107
[DEBUG] Normal case: found entry for code 107 = G
[DEBUG] Inserting entry 'k' as code 1039
Inserted 'Gk' as code 1039
[DEBUG] Read code = 10 (size 11)
[DEBUG] Got code = 10
[DEBUG] Normal case: found entry for code 10 = k
[DEBUG] Inserting entry '
' as code 1040
Inserted 'k
' as code 1040
[DEBUG] Read code = 725 (size 11)
[DEBUG] Got code = 725
[DEBUG] Normal case: found entry for code 725 = 

[DEBUG] Inserting entry '6j' as code 1041
Inserted '
6' as code 1041
[DEBUG] Read code = 114 (size 11)
[DEBUG] Got code = 114
[DEBUG] Normal case: found entry for code 114 = 6j
[DEBUG] Inserting entry 'r' as code 1042
Inserted '6jr' as code 1042
[DEBUG] Read code = 57 (size 11)
[DEBUG] Got code = 57
[DEBUG] Normal case: found entry for code 57 = r
[DEBUG] Inserting entry '9' as code 1043
Inserted 'r9' as code 1043
[DEBUG] Read code = 105 (size 11)
[DEBUG] Got code = 105
[DEBUG] Normal case: found entry for code 105 = 9
[DEBUG] Inserting entry 'i' as code 1044
Inserted '9i' as code 1044
[DEBUG] Read code = 114 (size 11)
[DEBUG] Got code = 114
[DEBUG] Normal case: found entry for code 114 = i
[DEBUG] Inserting entry 'r' as code 1045
Inserted 'ir' as code 1045
[DEBUG] Read code = 69 (size 11)
[DEBUG] Got code = 69
[DEBUG] Normal case: found entry for code 69 = r
[DEBUG] Inserting entry 'E' as code 1046
Inserted 'rE' as code 1046
[DEBUG] Read code = 303 (size 11)
[DEBUG] Got code = 303
[DEBUG] Normal case: found entry for code 303 = E
[DEBUG] Inserting entry 'sz' as code 1047
Inserted 'Es' as code 1047
[DEBUG] Read code = 67 (size 11)
[DEBUG] Got code = 67
[DEBUG] Normal case: found entry for code 67 = sz
[DEBUG] Inserting entry 'C' as code 1048
Inserted 'szC' as code 1048
[DEBUG] Read code = 404 (size 11)
[DEBUG] Got code = 404
[DEBUG] Normal case: found entry for code 404 = C
[DEBUG] Inserting entry 'Vx' as code 1049
Inserted 'CV' as code 1049
[DEBUG] Read code = 87 (size 11)
[DEBUG] Got code = 87
[DEBUG] Normal case: found entry for code 87 = Vx
[DEBUG] Inserting entry 'W' as code 1050
Inserted 'VxW' as code 1050
[DEBUG] Read code = 89 (size 11)
[DEBUG] Got code = 89
[DEBUG] Normal case: found entry for code 89 = W
[DEBUG] Inserting entry 'Y' as code 1051
Inserted 'WY' as code 1051
[DEBUG] Read code = 51 (size 11)
[DEBUG] Got code = 51
[DEBUG] Normal case: found entry for code 51 = Y
[DEBUG] Inserting entry '3' as code 1052
Inserted 'Y3' as code 1052
[DEBUG] Read code = 103 (size 11)
[DEBUG] Got code = 103
[DEBUG] Normal case: found entry for code 103 = 3
[DEBUG] Inserting entry 'g' as code 1053
Inserted '3g' as code 1053
[DEBUG] Read code = 57 (size 11)
[DEBUG] Got code = 57
[DEBUG] Normal case: found entry for code 57 = g
[DEBUG] Inserting entry '9' as code 1054
Inserted 'g9' as code 1054
[DEBUG] Read code = 120 (size 11)
[DEBUG] Got code = 120
[DEBUG] Normal case: found entry for code 120 = 9
[DEBUG] Inserting entry 'x' as code 1055
Inserted '9x' as code 1055
[DEBUG] Read code = 105 (size 11)
[DEBUG] Got code = 105
[DEBUG] Normal case: found entry for code 105 = x
[DEBUG] Inserting entry 'i' as code 1056
Inserted 'xi' as code 1056
[DEBUG] Read code = 107 (size 11)
[DEBUG] Got code = 107
[DEBUG] Normal case: found entry for code 107 = i
[DEBUG] Inserting entry 'k' as code 1057
Inserted 'ik' as code 1057
[DEBUG] Read code = 772 (size 11)
[DEBUG] Got code = 772
[DEBUG] Normal case: found entry for code 772 = k
[DEBUG] Inserting entry '6y' as code 1058
Inserted 'k6' as code 1058
[DEBUG] Read code = 106 (size 11)
[DEBUG] Got code = 106
[DEBUG] Normal case: found entry for code 106 = 6y
[DEBUG] Inserting entry 'j' as code 1059
Inserted '6yj' as code 1059
[DEBUG] Read code = 886 (size 11)
[DEBUG] Got code = 886
[DEBUG] Normal case: found entry for code 886 = j
[DEBUG] Inserting entry '+9' as code 1060
Inserted 'j+' as code 1060
[DEBUG] Read code = 57 (size 11)
[DEBUG] Got code = 57
[DEBUG] Normal case: found entry for code 57 = +9
[DEBUG] Inserting entry '9' as code 1061
Inserted '+99' as code 1061
[DEBUG] Read code = 53 (size 11)
[DEBUG] Got code = 53
[DEBUG] Normal case: found entry for code 53 = 9
[DEBUG] Inserting entry '5' as code 1062
Inserted '95' as code 1062
[DEBUG] Read code = 120 (size 11)
[DEBUG] Got code = 120
[DEBUG] Normal case: found entry for code 120 = 5
[DEBUG] Inserting entry 'x' as code 1063
Inserted '5x' as code 1063
[DEBUG] Read code = 80 (size 11)
[DEBUG] Got code = 80
[DEBUG] Normal case: found entry for code 80 = x
[DEBUG] Inserting entry 'P' as code 1064
Inserted 'xP' as code 1064
[DEBUG] Read code = 72 (size 11)
[DEBUG] Got code = 72
[DEBUG] Normal case: found entry for code 72 = P
[DEBUG] Inserting entry 'H' as code 1065
Inserted 'PH' as code 1065
[DEBUG] Read code = 69 (size 11)
[DEBUG] Got code = 69
[DEBUG] Normal case: found entry for code 69 = H
[DEBUG] Inserting entry 'E' as code 1066
Inserted 'HE' as code 1066
[DEBUG] Read code = 669 (size 11)
[DEBUG] Got code = 669
[DEBUG] Normal case: found entry for code 669 = E
[DEBUG] Inserting entry 'DA' as code 1067
Inserted 'ED' as code 1067
[DEBUG] Read code = 56 (size 11)
[DEBUG] Got code = 56
[DEBUG] Normal case: found entry for code 56 = DA
[DEBUG] Inserting entry '8' as code 1068
Inserted 'DA8' as code 1068
[DEBUG] Read code = 69 (size 11)
[DEBUG] Got code = 69
[DEBUG] Normal case: found entry for code 69 = 8
[DEBUG] Inserting entry 'E' as code 1069
Inserted '8E' as code 1069
[DEBUG] Read code = 98 (size 11)
[DEBUG] Got code = 98
[DEBUG] Normal case: found entry for code 98 = E
[DEBUG] Inserting entry 'b' as code 1070
Inserted 'Eb' as code 1070
[DEBUG] Read code = 120 (size 11)
[DEBUG] Got code = 120
[DEBUG] Normal case: found entry for code 120 = b
[DEBUG] Inserting entry 'x' as code 1071
Inserted 'bx' as code 1071
[DEBUG] Read code = 118 (size 11)
[DEBUG] Got code = 118
[DEBUG] Normal case: found entry for code 118 = x
[DEBUG] Inserting entry 'v' as code 1072
Inserted 'xv' as code 1072
[DEBUG] Read code = 111 (size 11)
[DEBUG] Got code = 111
[DEBUG] Normal case: found entry for code 111 = v
[DEBUG] Inserting entry 'o' as code 1073
Inserted 'vo' as code 1073
[DEBUG] Read code = 102 (size 11)
[DEBUG] Got code = 102
[DEBUG] Normal case: found entry for code 102 = o
[DEBUG] Inserting entry 'f' as code 1074
Inserted 'of' as code 1074
[DEBUG] Read code = 742 (size 11)
[DEBUG] Got code = 742
[DEBUG] Normal case: found entry for code 742 = f
[DEBUG] Inserting entry 'bt' as code 1075
Inserted 'fb' as code 1075
[DEBUG] Read code = 104 (size 11)
[DEBUG] Got code = 104
[DEBUG] Normal case: found entry for code 104 = bt
[DEBUG] Inserting entry 'h' as code 1076
Inserted 'bth' as code 1076
[DEBUG] Read code = 119 (size 11)
[DEBUG] Got code = 119
[DEBUG] Normal case: found entry for code 119 = h
[DEBUG] Inserting entry 'w' as code 1077
Inserted 'hw' as code 1077
[DEBUG] Read code = 50 (size 11)
[DEBUG] Got code = 50
[DEBUG] Normal case: found entry for code 50 = w
[DEBUG] Inserting entry '2' as code 1078
Inserted 'w2' as code 1078
[DEBUG] Read code = 68 (size 11)
[DEBUG] Got code = 68
[DEBUG] Normal case: found entry for code 68 = 2
[DEBUG] Inserting entry 'D' as code 1079
Inserted '2D' as code 1079
[DEBUG] Read code = 105 (size 11)
[DEBUG] Got code = 105
[DEBUG] Normal case: found entry for code 105 = D
[DEBUG] Inserting entry 'i' as code 1080
Inserted 'Di' as code 1080
[DEBUG] Read code = 109 (size 11)
[DEBUG] Got code = 109
[DEBUG] Normal case: found entry for code 109 = i
[DEBUG] Inserting entry 'm' as code 1081
Inserted 'im' as code 1081
[DEBUG] Read code = 109 (size 11)
[DEBUG] Got code = 109
[DEBUG] Normal case: found entry for code 109 = m
[DEBUG] Inserting entry 'm' as code 1082
Inserted 'mm' as code 1082
[DEBUG] Read code = 43 (size 11)
[DEBUG] Got code = 43
[DEBUG] Normal case: found entry for code 43 = m
[DEBUG] Inserting entry '+' as code 1083
Inserted 'm+' as code 1083
[DEBUG] Read code = 55 (size 11)
[DEBUG] Got code = 55
[DEBUG] Normal case: found entry for code 55 = +
[DEBUG] Inserting entry '7' as code 1084
Inserted '+7' as code 1084
[DEBUG] Read code = 106 (size 11)
[DEBUG] Got code = 106
[DEBUG] Normal case: found entry for code 106 = 7
[DEBUG] Inserting entry 'j' as code 1085
Inserted '7j' as code 1085
[DEBUG] Read code = 116 (size 11)
[DEBUG] Got code = 116
[DEBUG] Normal case: found entry for code 116 = j
[DEBUG] Inserting entry 't' as code 1086
Inserted 'jt' as code 1086
[DEBUG] Read code = 54 (size 11)
[DEBUG] Got code = 54
[DEBUG] Normal case: found entry for code 54 = t
[DEBUG] Inserting entry '6' as code 1087
Inserted 't6' as code 1087
[DEBUG] Read code = 84 (size 11)
[DEBUG] Got code = 84
[DEBUG] Normal case: found entry for code 84 = 6
[DEBUG] Inserting entry 'T' as code 1088
Inserted '6T' as code 1088
[DEBUG] Read code = 934 (size 11)
[DEBUG] Got code = 934
[DEBUG] Normal case: found entry for code 934 = T
[DEBUG] Inserting entry 'cf' as code 1089
Inserted 'Tc' as code 1089
[DEBUG] Read code = 76 (size 11)
[DEBUG] Got code = 76
[DEBUG] Normal case: found entry for code 76 = cf
[DEBUG] Inserting entry 'L' as code 1090
Inserted 'cfL' as code 1090
[DEBUG] Read code = 107 (size 11)
[DEBUG] Got code = 107
[DEBUG] Normal case: found entry for code 107 = L
[DEBUG] Inserting entry 'k' as code 1091
Inserted 'Lk' as code 1091
[DEBUG] Read code = 118 (size 11)
[DEBUG] Got code = 118
[DEBUG] Normal case: found entry for code 118 = k
[DEBUG] Inserting entry 'v' as code 1092
Inserted 'kv' as code 1092
[DEBUG] Read code = 89 (size 11)
[DEBUG] Got code = 89
[DEBUG] Normal case: found entry for code 89 = v
[DEBUG] Inserting entry 'Y' as code 1093
Inserted 'vY' as code 1093
[DEBUG] Read code = 65 (size 11)
[DEBUG] Got code = 65
[DEBUG] Normal case: found entry for code 65 = Y
[DEBUG] Inserting entry 'A' as code 1094
Inserted 'YA' as code 1094
[DEBUG] Read code = 117 (size 11)
[DEBUG] Got code = 117
[DEBUG] Normal case: found entry for code 117 = A
[DEBUG] Inserting entry 'u' as code 1095
Inserted 'Au' as code 1095
[DEBUG] Read code = 78 (size 11)
[DEBUG] Got code = 78
[DEBUG] Normal case: found entry for code 78 = u
[DEBUG] Inserting entry 'N' as code 1096
Inserted 'uN' as code 1096
[DEBUG] Read code = 56 (size 11)
[DEBUG] Got code = 56
[DEBUG] Normal case: found entry for code 56 = N
[DEBUG] Inserting entry '8' as code 1097
Inserted 'N8' as code 1097
[DEBUG] Read code = 397 (size 11)
[DEBUG] Got code = 397
[DEBUG] Normal case: found entry for code 397 = 8
[DEBUG] Inserting entry 'aG' as code 1098
Inserted '8a' as code 1098
[DEBUG] Read code = 362 (size 11)
[DEBUG] Got code = 362
[DEBUG] Normal case: found entry for code 362 = aG
[DEBUG] Inserting entry 'c3' as code 1099
Inserted 'aGc' as code 1099
[DEBUG] Read code = 90 (size 11)
[DEBUG] Got code = 90
[DEBUG] Normal case: found entry for code 90 = c3
[DEBUG] Inserting entry 'Z' as code 1100
Inserted 'c3Z' as code 1100
[DEBUG] Read code = 102 (size 11)
[DEBUG] Got code = 102
[DEBUG] Normal case: found entry for code 102 = Z
[DEBUG] Inserting entry 'f' as code 1101
Inserted 'Zf' as code 1101
[DEBUG] Read code = 76 (size 11)
[DEBUG] Got code = 76
[DEBUG] Normal case: found entry for code 76 = f
[DEBUG] Inserting entry 'L' as code 1102
Inserted 'fL' as code 1102
[DEBUG] Read code = 89 (size 11)
[DEBUG] Got code = 89
[DEBUG] Normal case: found entry for code 89 = L
[DEBUG] Inserting entry 'Y' as code 1103
Inserted 'LY' as code 1103
[DEBUG] Read code = 75 (size 11)
[DEBUG] Got code = 75
[DEBUG] Normal case: found entry for code 75 = Y
[DEBUG] Inserting entry 'K' as code 1104
Inserted 'YK' as code 1104
[DEBUG] Read code = 932 (size 11)
[DEBUG] Got code = 932
[DEBUG] Normal case: found entry for code 932 = K
[DEBUG] Inserting entry '3n' as code 1105
Inserted 'K3' as code 1105
[DEBUG] Read code = 10 (size 11)
[DEBUG] Got code = 10
[DEBUG] Normal case: found entry for code 10 = 3n
[DEBUG] Inserting entry '
' as code 1106
Inserted '3n
' as code 1106
[DEBUG] Read code = 80 (size 11)
[DEBUG] Got code = 80
[DEBUG] Normal case: found entry for code 80 = 

[DEBUG] Inserting entry 'P' as code 1107
Inserted '
P' as code 1107
[DEBUG] Read code = 113 (size 11)
[DEBUG] Got code = 113
[DEBUG] Normal case: found entry for code 113 = P
[DEBUG] Inserting entry 'q' as code 1108
Inserted 'Pq' as code 1108
[DEBUG] Read code = 109 (size 11)
[DEBUG] Got code = 109
[DEBUG] Normal case: found entry for code 109 = q
[DEBUG] Inserting entry 'm' as code 1109
Inserted 'qm' as code 1109
[DEBUG] Read code = 817 (size 11)
[DEBUG] Got code = 817
[DEBUG] Normal case: found entry for code 817 = m
[DEBUG] Inserting entry 'u/' as code 1110
Inserted 'mu' as code 1110
[DEBUG] Read code = 80 (size 11)
[DEBUG] Got code = 80
[DEBUG] Normal case: found entry for code 80 = u/
[DEBUG] Inserting entry 'P' as code 1111
Inserted 'u/P' as code 1111
[DEBUG] Read code = 112 (size 11)
[DEBUG] Got code = 112
[DEBUG] Normal case: found entry for code 112 = P
[DEBUG] Inserting entry 'p' as code 1112
Inserted 'Pp' as code 1112
[DEBUG] Read code = 695 (size 11)
[DEBUG] Got code = 695
[DEBUG] Normal case: found entry for code 695 = p
[DEBUG] Inserting entry 'Tw' as code 1113
Inserted 'pT' as code 1113
[DEBUG] Read code = 120 (size 11)
[DEBUG] Got code = 120
[DEBUG] Normal case: found entry for code 120 = Tw
[DEBUG] Inserting entry 'x' as code 1114
Inserted 'Twx' as code 1114
[DEBUG] Read code = 73 (size 11)
[DEBUG] Got code = 73
[DEBUG] Normal case: found entry for code 73 = x
[DEBUG] Inserting entry 'I' as code 1115
Inserted 'xI' as code 1115
[DEBUG] Read code = 89 (size 11)
[DEBUG] Got code = 89
[DEBUG] Normal case: found entry for code 89 = I
[DEBUG] Inserting entry 'Y' as code 1116
Inserted 'IY' as code 1116
[DEBUG] Read code = 107 (size 11)
[DEBUG] Got code = 107
[DEBUG] Normal case: found entry for code 107 = Y
[DEBUG] Inserting entry 'k' as code 1117
Inserted 'Yk' as code 1117
[DEBUG] Read code = 65 (size 11)
[DEBUG] Got code = 65
[DEBUG] Normal case: found entry for code 65 = k
[DEBUG] Inserting entry 'A' as code 1118
Inserted 'kA' as code 1118
[DEBUG] Read code = 113 (size 11)
[DEBUG] Got code = 113
[DEBUG] Normal case: found entry for code 113 = A
[DEBUG] Inserting entry 'q' as code 1119
Inserted 'Aq' as code 1119
[DEBUG] Read code = 73 (size 11)
[DEBUG] Got code = 73
[DEBUG] Normal case: found entry for code 73 = q
[DEBUG] Inserting entry 'I' as code 1120
Inserted 'qI' as code 1120
[DEBUG] Read code = 109 (size 11)
[DEBUG] Got code = 109
[DEBUG] Normal case: found entry for code 109 = I
[DEBUG] Inserting entry 'm' as code 1121
Inserted 'Im' as code 1121
[DEBUG] Read code = 401 (size 11)
[DEBUG] Got code = 401
[DEBUG] Normal case: found entry for code 401 = m
[DEBUG] Inserting entry 'fJ' as code 1122
Inserted 'mf' as code 1122
[DEBUG] Read code = 98 (size 11)
[DEBUG] Got code = 98
[DEBUG] Normal case: found entry for code 98 = fJ
[DEBUG] Inserting entry 'b' as code 1123
Inserted 'fJb' as code 1123
[DEBUG] Read code = 88 (size 11)
[DEBUG] Got code = 88
[DEBUG] Normal case: found entry for code 88 = b
[DEBUG] Inserting entry 'X' as code 1124
Inserted 'bX' as code 1124
[DEBUG] Read code = 100 (size 11)
[DEBUG] Got code = 100
[DEBUG] Normal case: found entry for code 100 = X
[DEBUG] Inserting entry 'd' as code 1125
Inserted 'Xd' as code 1125
[DEBUG] Read code = 116 (size 11)
[DEBUG] Got code = 116
[DEBUG] Normal case: found entry for code 116 = d
[DEBUG] Inserting entry 't' as code 1126
Inserted 'dt' as code 1126
[DEBUG] Read code = 108 (size 11)
[DEBUG] Got code = 108
[DEBUG] Normal case: found entry for code 108 = t
[DEBUG] Inserting entry 'l' as code 1127
Inserted 'tl' as code 1127
[DEBUG] Read code = 70 (size 11)
[DEBUG] Got code = 70
[DEBUG] Normal case: found entry for code 70 = l
[DEBUG] Inserting entry 'F' as code 1128
Inserted 'lF' as code 1128
[DEBUG] Read code = 78 (size 11)
[DEBUG] Got code = 78
[DEBUG] Normal case: found entry for code 78 = F
[DEBUG] Inserting entry 'N' as code 1129
Inserted 'FN' as code 1129
[DEBUG] Read code = 570 (size 11)
[DEBUG] Got code = 570
[DEBUG] Normal case: found entry for code 570 = N
[DEBUG] Inserting entry 'lU' as code 1130
Inserted 'Nl' as code 1130
[DEBUG] Read code = 49 (size 11)
[DEBUG] Got code = 49
[DEBUG] Normal case: found entry for code 49 = lU
[DEBUG] Inserting entry '1' as code 1131
Inserted 'lU1' as code 1131
[DEBUG] Read code = 558 (size 11)
[DEBUG] Got code = 558
[DEBUG] Normal case: found entry for code 558 = 1
[DEBUG] Inserting entry '2B' as code 1132
Inserted '12' as code 1132
[DEBUG] Read code = 110 (size 11)
[DEBUG] Got code = 110
[DEBUG] Normal case: found entry for code 110 = 2B
[DEBUG] Inserting entry 'n' as code 1133
Inserted '2Bn' as code 1133
[DEBUG] Read code = 88 (size 11)
[DEBUG] Got code = 88
[DEBUG] Normal case: found entry for code 88 = n
[DEBUG] Inserting entry 'X' as code 1134
Inserted 'nX' as code 1134
[DEBUG] Read code = 116 (size 11)
[DEBUG] Got code = 116
[DEBUG] Normal case: found entry for code 116 = X
[DEBUG] Inserting entry 't' as code 1135
Inserted 'Xt' as code 1135
[DEBUG] Read code = 57 (size 11)
[DEBUG] Got code = 57
[DEBUG] Normal case: found entry for code 57 = t
[DEBUG] Inserting entry '9' as code 1136
Inserted 't9' as code 1136
[DEBUG] Read code = 80 (size 11)
[DEBUG] Got code = 80
[DEBUG] Normal case: found entry for code 80 = 9
[DEBUG] Inserting entry 'P' as code 1137
Inserted '9P' as code 1137
[DEBUG] Read code = 56 (size 11)
[DEBUG] Got code = 56
[DEBUG] Normal case: found entry for code 56 = P
[DEBUG] Inserting entry '8' as code 1138
Inserted 'P8' as code 1138
[DEBUG] Read code = 100 (size 11)
[DEBUG] Got code = 100
[DEBUG] Normal case: found entry for code 100 = 8
[DEBUG] Inserting entry 'd' as code 1139
Inserted '8d' as code 1139
[DEBUG] Read code = 50 (size 11)
[DEBUG] Got code = 50
[DEBUG] Normal case: found entry for code 50 = d
[DEBUG] Inserting entry '2' as code 1140
Inserted 'd2' as code 1140
[DEBUG] Read code = 67 (size 11)
[DEBUG] Got code = 67
[DEBUG] Normal case: found entry for code 67 = 2
[DEBUG] Inserting entry 'C' as code 1141
Inserted '2C' as code 1141
[DEBUG] Read code = 81 (size 11)
[DEBUG] Got code = 81
[DEBUG] Normal case: found entry for code 81 = C
[DEBUG] Inserting entry 'Q' as code 1142
Inserted 'CQ' as code 1142
[DEBUG] Read code = 660 (size 11)
[DEBUG] Got code = 660
[DEBUG] Normal case: found entry for code 660 = Q
[DEBUG] Inserting entry '4d' as code 1143
Inserted 'Q4' as code 1143
[DEBUG] Read code = 118 (size 11)
[DEBUG] Got code = 118
[DEBUG] Normal case: found entry for code 118 = 4d
[DEBUG] Inserting entry 'v' as code 1144
Inserted '4dv' as code 1144
[DEBUG] Read code = 521 (size 11)
[DEBUG] Got code = 521
[DEBUG] Normal case: found entry for code 521 = v
[DEBUG] Inserting entry 'GJ' as code 1145
Inserted 'vG' as code 1145
[DEBUG] Read code = 1052 (size 11)
[DEBUG] Got code = 1052
[DEBUG] Normal case: found entry for code 1052 = GJ
[DEBUG] Inserting entry 'Y3' as code 1146
Inserted 'GJY' as code 1146
[DEBUG] Read code = 539 (size 11)
[DEBUG] Got code = 539
[DEBUG] Normal case: found entry for code 539 = Y3
[DEBUG] Inserting entry 'jj' as code 1147
Inserted 'Y3j' as code 1147
[DEBUG] Read code = 116 (size 11)
[DEBUG] Got code = 116
[DEBUG] Normal case: found entry for code 116 = jj
[DEBUG] Inserting entry 't' as code 1148
Inserted 'jjt' as code 1148
[DEBUG] Read code = 297 (size 11)
[DEBUG] Got code = 297
[DEBUG] Normal case: found entry for code 297 = t
[DEBUG] Inserting entry 'Qg' as code 1149
Inserted 'tQ' as code 1149
[DEBUG] Read code = 977 (size 11)
[DEBUG] Got code = 977
[DEBUG] Normal case: found entry for code 977 = Qg
[DEBUG] Inserting entry 'iE' as code 1150
Inserted 'Qgi' as code 1150
[DEBUG] Read code = 77 (size 11)
[DEBUG] Got code = 77
[DEBUG] Normal case: found entry for code 77 = iE
[DEBUG] Inserting entry 'M' as code 1151
Inserted 'iEM' as code 1151
[DEBUG] Read code = 876 (size 11)
[DEBUG] Got code = 876
[DEBUG] Normal case: found entry for code 876 = M
[DEBUG] Inserting entry 'Kh' as code 1152
Inserted 'MK' as code 1152
[DEBUG] Read code = 57 (size 11)
[DEBUG] Got code = 57
[DEBUG] Normal case: found entry for code 57 = Kh
[DEBUG] Inserting entry '9' as code 1153
Inserted 'Kh9' as code 1153
[DEBUG] Read code = 112 (size 11)
[DEBUG] Got code = 112
[DEBUG] Normal case: found entry for code 112 = 9
[DEBUG] Inserting entry 'p' as code 1154
Inserted '9p' as code 1154
[DEBUG] Read code = 73 (size 11)
[DEBUG] Got code = 73
[DEBUG] Normal case: found entry for code 73 = p
[DEBUG] Inserting entry 'I' as code 1155
Inserted 'pI' as code 1155
[DEBUG] Read code = 79 (size 11)
[DEBUG] Got code = 79
[DEBUG] Normal case: found entry for code 79 = I
[DEBUG] Inserting entry 'O' as code 1156
Inserted 'IO' as code 1156
[DEBUG] Read code = 87 (size 11)
[DEBUG] Got code = 87
[DEBUG] Normal case: found entry for code 87 = O
[DEBUG] Inserting entry 'W' as code 1157
Inserted 'OW' as code 1157
[DEBUG] Read code = 79 (size 11)
[DEBUG] Got code = 79
[DEBUG] Normal case: found entry for code 79 = W
[DEBUG] Inserting entry 'O' as code 1158
Inserted 'WO' as code 1158
[DEBUG] Read code = 76 (size 11)
[DEBUG] Got code = 76
[DEBUG] Normal case: found entry for code 76 = O
[DEBUG] Inserting entry 'L' as code 1159
Inserted 'OL' as code 1159
[DEBUG] Read code = 47 (size 11)
[DEBUG] Got code = 47
[DEBUG] Normal case: found entry for code 47 = L
[DEBUG] Inserting entry '/' as code 1160
Inserted 'L/' as code 1160
[DEBUG] Read code = 70 (size 11)
[DEBUG] Got code = 70
[DEBUG] Normal case: found entry for code 70 = /
[DEBUG] Inserting entry 'F' as code 1161
Inserted '/F' as code 1161
[DEBUG] Read code = 1103 (size 11)
[DEBUG] Got code = 1103
[DEBUG] Normal case: found entry for code 1103 = F
[DEBUG] Inserting entry 'LY' as code 1162
Inserted 'FL' as code 1162
[DEBUG] Read code = 118 (size 11)
[DEBUG] Got code = 118
[DEBUG] Normal case: found entry for code 118 = LY
[DEBUG] Inserting entry 'v' as code 1163
Inserted 'LYv' as code 1163
[DEBUG] Read code = 52 (size 11)
[DEBUG] Got code = 52
[DEBUG] Normal case: found entry for code 52 = v
[DEBUG] Inserting entry '4' as code 1164
Inserted 'v4' as code 1164
[DEBUG] Read code = 521 (size 11)
[DEBUG] Got code = 521
[DEBUG] Normal case: found entry for code 521 = 4
[DEBUG] Inserting entry 'GJ' as code 1165
Inserted '4G' as code 1165
[DEBUG] Read code = 113 (size 11)
[DEBUG] Got code = 113
[DEBUG] Normal case: found entry for code 113 = GJ
[DEBUG] Inserting entry 'q' as code 1166
Inserted 'GJq' as code 1166
[DEBUG] Read code = 72 (size 11)
[DEBUG] Got code = 72
[DEBUG] Normal case: found entry for code 72 = q
[DEBUG] Inserting entry 'H' as code 1167
Inserted 'qH' as code 1167
[DEBUG] Read code = 80 (size 11)
[DEBUG] Got code = 80
[DEBUG] Normal case: found entry for code 80 = H
[DEBUG] Inserting entry 'P' as code 1168
Inserted 'HP' as code 1168
[DEBUG] Read code = 10 (size 11)
[DEBUG] Got code = 10
[DEBUG] Normal case: found entry for code 10 = P
[DEBUG] Inserting entry '
' as code 1169
Inserted 'P
' as code 1169
[DEBUG] Read code = 530 (size 11)
[DEBUG] Got code = 530
[DEBUG] Normal case: found entry for code 530 = 

[DEBUG] Inserting entry 'wp' as code 1170
Inserted '
w' as code 1170
[DEBUG] Read code = 89 (size 11)
[DEBUG] Got code = 89
[DEBUG] Normal case: found entry for code 89 = wp
[DEBUG] Inserting entry 'Y' as code 1171
Inserted 'wpY' as code 1171
[DEBUG] Read code = 85 (size 11)
[DEBUG] Got code = 85
[DEBUG] Normal case: found entry for code 85 = Y
[DEBUG] Inserting entry 'U' as code 1172
Inserted 'YU' as code 1172
[DEBUG] Read code = 71 (size 11)
[DEBUG] Got code = 71
[DEBUG] Normal case: found entry for code 71 = U
[DEBUG] Inserting entry 'G' as code 1173
Inserted 'UG' as code 1173
[DEBUG] Read code = 82 (size 11)
[DEBUG] Got code = 82
[DEBUG] Normal case: found entry for code 82 = G
[DEBUG] Inserting entry 'R' as code 1174
Inserted 'GR' as code 1174
[DEBUG] Read code = 51 (size 11)
[DEBUG] Got code = 51
[DEBUG] Normal case: found entry for code 51 = R
[DEBUG] Inserting entry '3' as code 1175
Inserted 'R3' as code 1175
[DEBUG] Read code = 77 (size 11)
[DEBUG] Got code = 77
[DEBUG] Normal case: found entry for code 77 = 3
[DEBUG] Inserting entry 'M' as code 1176
Inserted '3M' as code 1176
[DEBUG] Read code = 88 (size 11)
[DEBUG] Got code = 88
[DEBUG] Normal case: found entry for code 88 = M
[DEBUG] Inserting entry 'X' as code 1177
Inserted 'MX' as code 1177
[DEBUG] Read code = 70 (size 11)
[DEBUG] Got code = 70
[DEBUG] Normal case: found entry for code 70 = X
[DEBUG] Inserting entry 'F' as code 1178
Inserted 'XF' as code 1178
[DEBUG] Read code = 309 (size 11)
[DEBUG] Got code = 309
[DEBUG] Normal case: found entry for code 309 = F
[DEBUG] Inserting entry 'H6' as code 1179
Inserted 'FH' as code 1179
[DEBUG] Read code = 391 (size 11)
[DEBUG] Got code = 391
[DEBUG] Normal case: found entry for code 391 = H6
[DEBUG] Inserting entry 'ji' as code 1180
Inserted 'H6j' as code 1180
[DEBUG] Read code = 280 (size 11)
[DEBUG] Got code = 280
[DEBUG] Normal case: found entry for code 280 = ji
[DEBUG] Inserting entry 's8' as code 1181
Inserted 'jis' as code 1181
[DEBUG] Read code = 49 (size 11)
[DEBUG] Got code = 49
[DEBUG] Normal case: found entry for code 49 = s8
[DEBUG] Inserting entry '1' as code 1182
Inserted 's81' as code 1182
[DEBUG] Read code = 105 (size 11)
[DEBUG] Got code = 105
[DEBUG] Normal case: found entry for code 105 = 1
[DEBUG] Inserting entry 'i' as code 1183
Inserted '1i' as code 1183
[DEBUG] Read code = 105 (size 11)
[DEBUG] Got code = 105
[DEBUG] Normal case: found entry for code 105 = i
[DEBUG] Inserting entry 'i' as code 1184
Inserted 'ii' as code 1184
[DEBUG] Read code = 102 (size 11)
[DEBUG] Got code = 102
[DEBUG] Normal case: found entry for code 102 = i
[DEBUG] Inserting entry 'f' as code 1185
Inserted 'if' as code 1185
[DEBUG] Read code = 78 (size 11)
[DEBUG] Got code = 78
[DEBUG] Normal case: found entry for code 78 = f
[DEBUG] Inserting entry 'N' as code 1186
Inserted 'fN' as code 1186
[DEBUG] Read code = 655 (size 11)
[DEBUG] Got code = 655
[DEBUG] Normal case: found entry for code 655 = N
[DEBUG] Inserting entry 'D+' as code 1187
Inserted 'ND' as code 1187
[DEBUG] Read code = 122 (size 11)
[DEBUG] Got code = 122
[DEBUG] Normal case: found entry for code 122 = D+
[DEBUG] Inserting entry 'z' as code 1188
Inserted 'D+z' as code 1188
[DEBUG] Read code = 86 (size 11)
[DEBUG] Got code = 86
[DEBUG] Normal case: found entry for code 86 = z
[DEBUG] Inserting entry 'V' as code 1189
Inserted 'zV' as code 1189
[DEBUG] Read code = 74 (size 11)
[DEBUG] Got code = 74
[DEBUG] Normal case: found entry for code 74 = V
[DEBUG] Inserting entry 'J' as code 1190
Inserted 'VJ' as code 1190
[DEBUG] Read code = 67 (size 11)
[DEBUG] Got code = 67
[DEBUG] Normal case: found entry for code 67 = J
[DEBUG] Inserting entry 'C' as code 1191
Inserted 'JC' as code 1191
[DEBUG] Read code = 89 (size 11)
[DEBUG] Got code = 89
[DEBUG] Normal case: found entry for code 89 = C
[DEBUG] Inserting entry 'Y' as code 1192
Inserted 'CY' as code 1192
[DEBUG] Read code = 71 (size 11)
[DEBUG] Got code = 71
[DEBUG] Normal case: found entry for code 71 = Y
[DEBUG] Inserting entry 'G' as code 1193
Inserted 'YG' as code 1193
[DEBUG] Read code = 428 (size 11)
[DEBUG] Got code = 428
[DEBUG] Normal case: found entry for code 428 = G
[DEBUG] Inserting entry 'am' as code 1194
Inserted 'Ga' as code 1194
[DEBUG] Read code = 66 (size 11)
[DEBUG] Got code = 66
[DEBUG] Normal case: found entry for code 66 = am
[DEBUG] Inserting entry 'B' as code 1195
Inserted 'amB' as code 1195
[DEBUG] Read code = 317 (size 11)
[DEBUG] Got code = 317
[DEBUG] Normal case: found entry for code 317 = B
[DEBUG] Inserting entry 'Uj' as code 1196
Inserted 'BU' as code 1196
[DEBUG] Read code = 117 (size 11)
[DEBUG] Got code = 117
[DEBUG] Normal case: found entry for code 117 = Uj
[DEBUG] Inserting entry 'u' as code 1197
Inserted 'Uju' as code 1197
[DEBUG] Read code = 74 (size 11)
[DEBUG] Got code = 74
[DEBUG] Normal case: found entry for code 74 = u
[DEBUG] Inserting entry 'J' as code 1198
Inserted 'uJ' as code 1198
[DEBUG] Read code = 112 (size 11)
[DEBUG] Got code = 112
[DEBUG] Normal case: found entry for code 112 = J
[DEBUG] Inserting entry 'p' as code 1199
Inserted 'Jp' as code 1199
[DEBUG] Read code = 99 (size 11)
[DEBUG] Got code = 99
[DEBUG] Normal case: found entry for code 99 = p
[DEBUG] Inserting entry 'c' as code 1200
Inserted 'pc' as code 1200
[DEBUG] Read code = 684 (size 11)
[DEBUG] Got code = 684
[DEBUG] Normal case: found entry for code 684 = c
[DEBUG] Inserting entry 'l6' as code 1201
Inserted 'cl' as code 1201
[DEBUG] Read code = 89 (size 11)
[DEBUG] Got code = 89
[DEBUG] Normal case: found entry for code 89 = l6
[DEBUG] Inserting entry 'Y' as code 1202
Inserted 'l6Y' as code 1202
[DEBUG] Read code = 81 (size 11)
[DEBUG] Got code = 81
[DEBUG] Normal case: found entry for code 81 = Y
[DEBUG] Inserting entry 'Q' as code 1203
Inserted 'YQ' as code 1203
[DEBUG] Read code = 117 (size 11)
[DEBUG] Got code = 117
[DEBUG] Normal case: found entry for code 117 = Q
[DEBUG] Inserting entry 'u' as code 1204
Inserted 'Qu' as code 1204
[DEBUG] Read code = 312 (size 11)
[DEBUG] Got code = 312
[DEBUG] Normal case: found entry for code 312 = u
[DEBUG] Inserting entry 'jh' as code 1205
Inserted 'uj' as code 1205
[DEBUG] Read code = 83 (size 11)
[DEBUG] Got code = 83
[DEBUG] Normal case: found entry for code 83 = jh
[DEBUG] Inserting entry 'S' as code 1206
Inserted 'jhS' as code 1206
[DEBUG] Read code = 97 (size 11)
[DEBUG] Got code = 97
[DEBUG] Normal case: found entry for code 97 = S
[DEBUG] Inserting entry 'a' as code 1207
Inserted 'Sa' as code 1207
[DEBUG] Read code = 659 (size 11)
[DEBUG] Got code = 659
[DEBUG] Normal case: found entry for code 659 = a
[DEBUG] Inserting entry 'O4' as code 1208
Inserted 'aO' as code 1208
[DEBUG] Read code = 926 (size 11)
[DEBUG] Got code = 926
[DEBUG] Normal case: found entry for code 926 = O4
[DEBUG] Inserting entry 'PJ' as code 1209
Inserted 'O4P' as code 1209
[DEBUG] Read code = 50 (size 11)
[DEBUG] Got code = 50
[DEBUG] Normal case: found entry for code 50 = PJ
[DEBUG] Inserting entry '2' as code 1210
Inserted 'PJ2' as code 1210
[DEBUG] Read code = 117 (size 11)
[DEBUG] Got code = 117
[DEBUG] Normal case: found entry for code 117 = 2
[DEBUG] Inserting entry 'u' as code 1211
Inserted '2u' as code 1211
[DEBUG] Read code = 113 (size 11)
[DEBUG] Got code = 113
[DEBUG] Normal case: found entry for code 113 = u
[DEBUG] Inserting entry 'q' as code 1212
Inserted 'uq' as code 1212
[DEBUG] Read code = 122 (size 11)
[DEBUG] Got code = 122
[DEBUG] Normal case: found entry for code 122 = q
[DEBUG] Inserting entry 'z' as code 1213
Inserted 'qz' as code 1213
[DEBUG] Read code = 750 (size 11)
[DEBUG] Got code = 750
[DEBUG] Normal case: found entry for code 750 = z
[DEBUG] Inserting entry 'r4' as code 1214
Inserted 'zr' as code 1214
[DEBUG] Read code = 969 (size 11)
[DEBUG] Got code = 969
[DEBUG] Normal case: found entry for code 969 = r4
[DEBUG] Inserting entry 'mS' as code 1215
Inserted 'r4m' as code 1215
[DEBUG] Read code = 70 (size 11)
[DEBUG] Got code = 70
[DEBUG] Normal case: found entry for code 70 = mS
[DEBUG] Inserting entry 'F' as code 1216
Inserted 'mSF' as code 1216
[DEBUG] Read code = 57 (size 11)
[DEBUG] Got code = 57
[DEBUG] Normal case: found entry for code 57 = F
[DEBUG] Inserting entry '9' as code 1217
Inserted 'F9' as code 1217
[DEBUG] Read code = 100 (size 11)
[DEBUG] Got code = 100
[DEBUG] Normal case: found entry for code 100 = 9
[DEBUG] Inserting entry 'd' as code 1218
Inserted '9d' as code 1218
[DEBUG] Read code = 47 (size 11)
[DEBUG] Got code = 47
[DEBUG] Normal case: found entry for code 47 = d
[DEBUG] Inserting entry '/' as code 1219
Inserted 'd/' as code 1219
[DEBUG] Read code = 55 (size 11)
[DEBUG] Got code = 55
[DEBUG] Normal case: found entry for code 55 = /
[DEBUG] Inserting entry '7' as code 1220
Inserted '/7' as code 1220
[DEBUG] Read code = 101 (size 11)
[DEBUG] Got code = 101
[DEBUG] Normal case: found entry for code 101 = 7
[DEBUG] Inserting entry 'e' as code 1221
Inserted '7e' as code 1221
[DEBUG] Read code = 110 (size 11)
[DEBUG] Got code = 110
[DEBUG] Normal case: found entry for code 110 = e
[DEBUG] Inserting entry 'n' as code 1222
Inserted 'en' as code 1222
[DEBUG] Read code = 796 (size 11)
[DEBUG] Got code = 796
[DEBUG] Normal case: found entry for code 796 = n
[DEBUG] Inserting entry 'WD' as code 1223
Inserted 'nW' as code 1223
[DEBUG] Read code = 963 (size 11)
[DEBUG] Got code = 963
[DEBUG] Normal case: found entry for code 963 = WD
[DEBUG] Inserting entry 'Rl' as code 1224
Inserted 'WDR' as code 1224
[DEBUG] Read code = 53 (size 11)
[DEBUG] Got code = 53
[DEBUG] Normal case: found entry for code 53 = Rl
[DEBUG] Inserting entry '5' as code 1225
Inserted 'Rl5' as code 1225
[DEBUG] Read code = 78 (size 11)
[DEBUG] Got code = 78
[DEBUG] Normal case: found entry for code 78 = 5
[DEBUG] Inserting entry 'N' as code 1226
Inserted '5N' as code 1226
[DEBUG] Read code = 102 (size 11)
[DEBUG] Got code = 102
[DEBUG] Normal case: found entry for code 102 = N
[DEBUG] Inserting entry 'f' as code 1227
Inserted 'Nf' as code 1227
[DEBUG] Read code = 89 (size 11)
[DEBUG] Got code = 89
[DEBUG] Normal case: found entry for code 89 = f
[DEBUG] Inserting entry 'Y' as code 1228
Inserted 'fY' as code 1228
[DEBUG] Read code = 57 (size 11)
[DEBUG] Got code = 57
[DEBUG] Normal case: found entry for code 57 = Y
[DEBUG] Inserting entry '9' as code 1229
Inserted 'Y9' as code 1229
[DEBUG] Read code = 87 (size 11)
[DEBUG] Got code = 87
[DEBUG] Normal case: found entry for code 87 = 9
[DEBUG] Inserting entry 'W' as code 1230
Inserted '9W' as code 1230
[DEBUG] Read code = 10 (size 11)
[DEBUG] Got code = 10
[DEBUG] Normal case: found entry for code 10 = W
[DEBUG] Inserting entry '
' as code 1231
Inserted 'W
' as code 1231
[DEBUG] Read code = 109 (size 11)
[DEBUG] Got code = 109
[DEBUG] Normal case: found entry for code 109 = 

[DEBUG] Inserting entry 'm' as code 1232
Inserted '
m' as code 1232
[DEBUG] Read code = 86 (size 11)
[DEBUG] Got code = 86
[DEBUG] Normal case: found entry for code 86 = m
[DEBUG] Inserting entry 'V' as code 1233
Inserted 'mV' as code 1233
[DEBUG] Read code = 99 (size 11)
[DEBUG] Got code = 99
[DEBUG] Normal case: found entry for code 99 = V
[DEBUG] Inserting entry 'c' as code 1234
Inserted 'Vc' as code 1234
[DEBUG] Read code = 117 (size 11)
[DEBUG] Got code = 117
[DEBUG] Normal case: found entry for code 117 = c
[DEBUG] Inserting entry 'u' as code 1235
Inserted 'cu' as code 1235
[DEBUG] Read code = 111 (size 11)
[DEBUG] Got code = 111
[DEBUG] Normal case: found entry for code 111 = u
[DEBUG] Inserting entry 'o' as code 1236
Inserted 'uo' as code 1236
[DEBUG] Read code = 749 (size 11)
[DEBUG] Got code = 749
[DEBUG] Normal case: found entry for code 749 = o
[DEBUG] Inserting entry 'pr' as code 1237
Inserted 'op' as code 1237
[DEBUG] Read code = 52 (size 11)
[DEBUG] Got code = 52
[DEBUG] Normal case: found entry for code 52 = pr
[DEBUG] Inserting entry '4' as code 1238
Inserted 'pr4' as code 1238
[DEBUG] Read code = 111 (size 11)
[DEBUG] Got code = 111
[DEBUG] Normal case: found entry for code 111 = 4
[DEBUG] Inserting entry 'o' as code 1239
Inserted '4o' as code 1239
[DEBUG] Read code = 110 (size 11)
[DEBUG] Got code = 110
[DEBUG] Normal case: found entry for code 110 = o
[DEBUG] Inserting entry 'n' as code 1240
Inserted 'on' as code 1240
[DEBUG] Read code = 1028 (size 11)
[DEBUG] Got code = 1028
[DEBUG] Normal case: found entry for code 1028 = n
[DEBUG] Inserting entry 'ww' as code 1241
Inserted 'nw' as code 1241
[DEBUG] Read code = 78 (size 11)
[DEBUG] Got code = 78
[DEBUG] Normal case: found entry for code 78 = ww
[DEBUG] Inserting entry 'N' as code 1242
Inserted 'wwN' as code 1242
[DEBUG] Read code = 51 (size 11)
[DEBUG] Got code = 51
[DEBUG] Normal case: found entry for code 51 = N
[DEBUG] Inserting entry '3' as code 1243
Inserted 'N3' as code 1243
[DEBUG] Read code = 459 (size 11)
[DEBUG] Got code = 459
[DEBUG] Normal case: found entry for code 459 = 3
[DEBUG] Inserting entry 'fR' as code 1244
Inserted '3f' as code 1244
[DEBUG] Read code = 57 (size 11)
[DEBUG] Got code = 57
[DEBUG] Normal case: found entry for code 57 = fR
[DEBUG] Inserting entry '9' as code 1245
Inserted 'fR9' as code 1245
[DEBUG] Read code = 116 (size 11)
[DEBUG] Got code = 116
[DEBUG] Normal case: found entry for code 116 = 9
[DEBUG] Inserting entry 't' as code 1246
Inserted '9t' as code 1246
[DEBUG] Read code = 77 (size 11)
[DEBUG] Got code = 77
[DEBUG] Normal case: found entry for code 77 = t
[DEBUG] Inserting entry 'M' as code 1247
Inserted 'tM' as code 1247
[DEBUG] Read code = 536 (size 11)
[DEBUG] Got code = 536
[DEBUG] Normal case: found entry for code 536 = M
[DEBUG] Inserting entry '69' as code 1248
Inserted 'M6' as code 1248
[DEBUG] Read code = 514 (size 11)
[DEBUG] Got code = 514
[DEBUG] Normal case: found entry for code 514 = 69
[DEBUG] Inserting entry 'Lb' as code 1249
Inserted '69L' as code 1249
[DEBUG] Read code = 115 (size 11)
[DEBUG] Got code = 115
[DEBUG] Normal case: found entry for code 115 = Lb
[DEBUG] Inserting entry 's' as code 1250
Inserted 'Lbs' as code 1250
[DEBUG] Read code = 995 (size 11)
[DEBUG] Got code = 995
[DEBUG] Normal case: found entry for code 995 = s
[DEBUG] Inserting entry 'gK' as code 1251
Inserted 'sg' as code 1251
[DEBUG] Read code = 121 (size 11)
[DEBUG] Got code = 121
[DEBUG] Normal case: found entry for code 121 = gK
[DEBUG] Inserting entry 'y' as code 1252
Inserted 'gKy' as code 1252
[DEBUG] Read code = 90 (size 11)
[DEBUG] Got code = 90
[DEBUG] Normal case: found entry for code 90 = y
[DEBUG] Inserting entry 'Z' as code 1253
Inserted 'yZ' as code 1253
[DEBUG] Read code = 116 (size 11)
[DEBUG] Got code = 116
[DEBUG] Normal case: found entry for code 116 = Z
[DEBUG] Inserting entry 't' as code 1254
Inserted 'Zt' as code 1254
[DEBUG] Read code = 97 (size 11)
[DEBUG] Got code = 97
[DEBUG] Normal case: found entry for code 97 = t
[DEBUG] Inserting entry 'a' as code 1255
Inserted 'ta' as code 1255
[DEBUG] Read code = 432 (size 11)
[DEBUG] Got code = 432
[DEBUG] Normal case: found entry for code 432 = a
[DEBUG] Inserting entry 'M/' as code 1256
Inserted 'aM' as code 1256
[DEBUG] Read code = 100 (size 11)
[DEBUG] Got code = 100
[DEBUG] Normal case: found entry for code 100 = M/
[DEBUG] Inserting entry 'd' as code 1257
Inserted 'M/d' as code 1257
[DEBUG] Read code = 76 (size 11)
[DEBUG] Got code = 76
[DEBUG] Normal case: found entry for code 76 = d
[DEBUG] Inserting entry 'L' as code 1258
Inserted 'dL' as code 1258
[DEBUG] Read code = 110 (size 11)
[DEBUG] Got code = 110
[DEBUG] Normal case: found entry for code 110 = L
[DEBUG] Inserting entry 'n' as code 1259
Inserted 'Ln' as code 1259
[DEBUG] Read code = 327 (size 11)
[DEBUG] Got code = 327
[DEBUG] Normal case: found entry for code 327 = n
[DEBUG] Inserting entry '0g' as code 1260
Inserted 'n0' as code 1260
[DEBUG] Read code = 110 (size 11)
[DEBUG] Got code = 110
[DEBUG] Normal case: found entry for code 110 = 0g
[DEBUG] Inserting entry 'n' as code 1261
Inserted '0gn' as code 1261
[DEBUG] Read code = 685 (size 11)
[DEBUG] Got code = 685
[DEBUG] Normal case: found entry for code 685 = n
[DEBUG] Inserting entry '6k' as code 1262
Inserted 'n6' as code 1262
[DEBUG] Read code = 98 (size 11)
[DEBUG] Got code = 98
[DEBUG] Normal case: found entry for code 98 = 6k
[DEBUG] Inserting entry 'b' as code 1263
Inserted '6kb' as code 1263
[DEBUG] Read code = 67 (size 11)
[DEBUG] Got code = 67
[DEBUG] Normal case: found entry for code 67 = b
[DEBUG] Inserting entry 'C' as code 1264
Inserted 'bC' as code 1264
[DEBUG] Read code = 55 (size 11)
[DEBUG] Got code = 55
[DEBUG] Normal case: found entry for code 55 = C
[DEBUG] Inserting entry '7' as code 1265
Inserted 'C7' as code 1265
[DEBUG] Read code = 950 (size 11)
[DEBUG] Got code = 950
[DEBUG] Normal case: found entry for code 950 = 7
[DEBUG] Inserting entry 'fB' as code 1266
Inserted '7f' as code 1266
[DEBUG] Read code = 71 (size 11)
[DEBUG] Got code = 71
[DEBUG] Normal case: found entry for code 71 = fB
[DEBUG] Inserting entry 'G' as code 1267
Inserted 'fBG' as code 1267
[DEBUG] Read code = 80 (size 11)
[DEBUG] Got code = 80
[DEBUG] Normal case: found entry for code 80 = G
[DEBUG] Inserting entry 'P' as code 1268
Inserted 'GP' as code 1268
[DEBUG] Read code = 700 (size 11)
[DEBUG] Got code = 700
[DEBUG] Normal case: found entry for code 700 = P
[DEBUG] Inserting entry 'm/' as code 1269
Inserted 'Pm' as code 1269
[DEBUG] Read code = 111 (size 11)
[DEBUG] Got code = 111
[DEBUG] Normal case: found entry for code 111 = m/
[DEBUG] Inserting entry 'o' as code 1270
Inserted 'm/o' as code 1270
[DEBUG] Read code = 86 (size 11)
[DEBUG] Got code = 86
[DEBUG] Normal case: found entry for code 86 = o
[DEBUG] Inserting entry 'V' as code 1271
Inserted 'oV' as code 1271
[DEBUG] Read code = 52 (size 11)
[DEBUG] Got code = 52
[DEBUG] Normal case: found entry for code 52 = V
[DEBUG] Inserting entry '4' as code 1272
Inserted 'V4' as code 1272
[DEBUG] Read code = 625 (size 11)
[DEBUG] Got code = 625
[DEBUG] Normal case: found entry for code 625 = 4
[DEBUG] Inserting entry 'yh' as code 1273
Inserted '4y' as code 1273
[DEBUG] Read code = 685 (size 11)
[DEBUG] Got code = 685
[DEBUG] Normal case: found entry for code 685 = yh
[DEBUG] Inserting entry '6k' as code 1274
Inserted 'yh6' as code 1274
[DEBUG] Read code = 122 (size 11)
[DEBUG] Got code = 122
[DEBUG] Normal case: found entry for code 122 = 6k
[DEBUG] Inserting entry 'z' as code 1275
Inserted '6kz' as code 1275
[DEBUG] Read code = 71 (size 11)
[DEBUG] Got code = 71
[DEBUG] Normal case: found entry for code 71 = z
[DEBUG] Inserting entry 'G' as code 1276
Inserted 'zG' as code 1276
[DEBUG] Read code = 49 (size 11)
[DEBUG] Got code = 49
[DEBUG] Normal case: found entry for code 49 = G
[DEBUG] Inserting entry '1' as code 1277
Inserted 'G1' as code 1277
[DEBUG] Read code = 79 (size 11)
[DEBUG] Got code = 79
[DEBUG] Normal case: found entry for code 79 = 1
[DEBUG] Inserting entry 'O' as code 1278
Inserted '1O' as code 1278
[DEBUG] Read code = 80 (size 11)
[DEBUG] Got code = 80
[DEBUG] Normal case: found entry for code 80 = O
[DEBUG] Inserting entry 'P' as code 1279
Inserted 'OP' as code 1279
[DEBUG] Read code = 97 (size 11)
[DEBUG] Got code = 97
[DEBUG] Normal case: found entry for code 97 = P
[DEBUG] Inserting entry 'a' as code 1280
Inserted 'Pa' as code 1280
[DEBUG] Read code = 112 (size 11)
[DEBUG] Got code = 112
[DEBUG] Normal case: found entry for code 112 = a
[DEBUG] Inserting entry 'p' as code 1281
Inserted 'ap' as code 1281
[DEBUG] Read code = 51 (size 11)
[DEBUG] Got code = 51
[DEBUG] Normal case: found entry for code 51 = p
[DEBUG] Inserting entry '3' as code 1282
Inserted 'p3' as code 1282
[DEBUG] Read code = 119 (size 11)
[DEBUG] Got code = 119
[DEBUG] Normal case: found entry for code 119 = 3
[DEBUG] Inserting entry 'w' as code 1283
Inserted '3w' as code 1283
[DEBUG] Read code = 949 (size 11)
[DEBUG] Got code = 949
[DEBUG] Normal case: found entry for code 949 = w
[DEBUG] Inserting entry '4f' as code 1284
Inserted 'w4' as code 1284
[DEBUG] Read code = 83 (size 11)
[DEBUG] Got code = 83
[DEBUG] Normal case: found entry for code 83 = 4f
[DEBUG] Inserting entry 'S' as code 1285
Inserted '4fS' as code 1285
[DEBUG] Read code = 113 (size 11)
[DEBUG] Got code = 113
[DEBUG] Normal case: found entry for code 113 = S
[DEBUG] Inserting entry 'q' as code 1286
Inserted 'Sq' as code 1286
[DEBUG] Read code = 82 (size 11)
[DEBUG] Got code = 82
[DEBUG] Normal case: found entry for code 82 = q
[DEBUG] Inserting entry 'R' as code 1287
Inserted 'qR' as code 1287
[DEBUG] Read code = 120 (size 11)
[DEBUG] Got code = 120
[DEBUG] Normal case: found entry for code 120 = R
[DEBUG] Inserting entry 'x' as code 1288
Inserted 'Rx' as code 1288
[DEBUG] Read code = 107 (size 11)
[DEBUG] Got code = 107
[DEBUG] Normal case: found entry for code 107 = x
[DEBUG] Inserting entry 'k' as code 1289
Inserted 'xk' as code 1289
[DEBUG] Read code = 101 (size 11)
[DEBUG] Got code = 101
[DEBUG] Normal case: found entry for code 101 = k
[DEBUG] Inserting entry 'e' as code 1290
Inserted 'ke' as code 1290
[DEBUG] Read code = 109 (size 11)
[DEBUG] Got code = 109
[DEBUG] Normal case: found entry for code 109 = e
[DEBUG] Inserting entry 'm' as code 1291
Inserted 'em' as code 1291
[DEBUG] Read code = 78 (size 11)
[DEBUG] Got code = 78
[DEBUG] Normal case: found entry for code 78 = m
[DEBUG] Inserting entry 'N' as code 1292
Inserted 'mN' as code 1292
[DEBUG] Read code = 85 (size 11)
[DEBUG] Got code = 85
[DEBUG] Normal case: found entry for code 85 = N
[DEBUG] Inserting entry 'U' as code 1293
Inserted 'NU' as code 1293
[DEBUG] Read code = 10 (size 11)
[DEBUG] Got code = 10
[DEBUG] Normal case: found entry for code 10 = U
[DEBUG] Inserting entry '
' as code 1294
Inserted 'U
' as code 1294
[DEBUG] Read code = 65 (size 11)
[DEBUG] Got code = 65
[DEBUG] Normal case: found entry for code 65 = 

[DEBUG] Inserting entry 'A' as code 1295
Inserted '
A' as code 1295
[DEBUG] Read code = 66 (size 11)
[DEBUG] Got code = 66
[DEBUG] Normal case: found entry for code 66 = A
[DEBUG] Inserting entry 'B' as code 1296
Inserted 'AB' as code 1296
[DEBUG] Read code = 121 (size 11)
[DEBUG] Got code = 121
[DEBUG] Normal case: found entry for code 121 = B
[DEBUG] Inserting entry 'y' as code 1297
Inserted 'By' as code 1297
[DEBUG] Read code = 103 (size 11)
[DEBUG] Got code = 103
[DEBUG] Normal case: found entry for code 103 = y
[DEBUG] Inserting entry 'g' as code 1298
Inserted 'yg' as code 1298
[DEBUG] Read code = 52 (size 11)
[DEBUG] Got code = 52
[DEBUG] Normal case: found entry for code 52 = g
[DEBUG] Inserting entry '4' as code 1299
Inserted 'g4' as code 1299
[DEBUG] Read code = 81 (size 11)
[DEBUG] Got code = 81
[DEBUG] Normal case: found entry for code 81 = 4
[DEBUG] Inserting entry 'Q' as code 1300
Inserted '4Q' as code 1300
[DEBUG] Read code = 78 (size 11)
[DEBUG] Got code = 78
[DEBUG] Normal case: found entry for code 78 = Q
[DEBUG] Inserting entry 'N' as code 1301
Inserted 'QN' as code 1301
[DEBUG] Read code = 76 (size 11)
[DEBUG] Got code = 76
[DEBUG] Normal case: found entry for code 76 = N
[DEBUG] Inserting entry 'L' as code 1302
Inserted 'NL' as code 1302
[DEBUG] Read code = 99 (size 11)
[DEBUG] Got code = 99
[DEBUG] Normal case: found entry for code 99 = L
[DEBUG] Inserting entry 'c' as code 1303
Inserted 'Lc' as code 1303
[DEBUG] Read code = 88 (size 11)
[DEBUG] Got code = 88
[DEBUG] Normal case: found entry for code 88 = c
[DEBUG] Inserting entry 'X' as code 1304
Inserted 'cX' as code 1304
[DEBUG] Read code = 54 (size 11)
[DEBUG] Got code = 54
[DEBUG] Normal case: found entry for code 54 = X
[DEBUG] Inserting entry '6' as code 1305
Inserted 'X6' as code 1305
[DEBUG] Read code = 655 (size 11)
[DEBUG] Got code = 655
[DEBUG] Normal case: found entry for code 655 = 6
[DEBUG] Inserting entry 'D+' as code 1306
Inserted '6D' as code 1306
[DEBUG] Read code = 106 (size 11)
[DEBUG] Got code = 106
[DEBUG] Normal case: found entry for code 106 = D+
[DEBUG] Inserting entry 'j' as code 1307
Inserted 'D+j' as code 1307
[DEBUG] Read code = 100 (size 11)
[DEBUG] Got code = 100
[DEBUG] Normal case: found entry for code 100 = j
[DEBUG] Inserting entry 'd' as code 1308
Inserted 'jd' as code 1308
[DEBUG] Read code = 1264 (size 11)
[DEBUG] Got code = 1264
[DEBUG] Normal case: found entry for code 1264 = d
[DEBUG] Inserting entry 'bC' as code 1309
Inserted 'db' as code 1309
[DEBUG] Read code = 821 (size 11)
[DEBUG] Got code = 821
[DEBUG] Normal case: found entry for code 821 = bC
[DEBUG] Inserting entry '/K' as code 1310
Inserted 'bC/' as code 1310
[DEBUG] Read code = 43 (size 11)
[DEBUG] Got code = 43
[DEBUG] Normal case: found entry for code 43 = /K
[DEBUG] Inserting entry '+' as code 1311
Inserted '/K+' as code 1311
[DEBUG] Read code = 116 (size 11)
[DEBUG] Got code = 116
[DEBUG] Normal case: found entry for code 116 = +
[DEBUG] Inserting entry 't' as code 1312
Inserted '+t' as code 1312
[DEBUG] Read code = 511 (size 11)
[DEBUG] Got code = 511
[DEBUG] Normal case: found entry for code 511 = t
[DEBUG] Inserting entry 'Yc' as code 1313
Inserted 'tY' as code 1313
[DEBUG] Read code = 75 (size 11)
[DEBUG] Got code = 75
[DEBUG] Normal case: found entry for code 75 = Yc
[DEBUG] Inserting entry 'K' as code 1314
Inserted 'YcK' as code 1314
[DEBUG] Read code = 372 (size 11)
[DEBUG] Got code = 372
[DEBUG] Normal case: found entry for code 372 = K
[DEBUG] Inserting entry 'Fc' as code 1315
Inserted 'KF' as code 1315
[DEBUG] Read code = 85 (size 11)
[DEBUG] Got code = 85
[DEBUG] Normal case: found entry for code 85 = Fc
[DEBUG] Inserting entry 'U' as code 1316
Inserted 'FcU' as code 1316
[DEBUG] Read code = 111 (size 11)
[DEBUG] Got code = 111
[DEBUG] Normal case: found entry for code 111 = U
[DEBUG] Inserting entry 'o' as code 1317
Inserted 'Uo' as code 1317
[DEBUG] Read code = 53 (size 11)
[DEBUG] Got code = 53
[DEBUG] Normal case: found entry for code 53 = o
[DEBUG] Inserting entry '5' as code 1318
Inserted 'o5' as code 1318
[DEBUG] Read code = 77 (size 11)
[DEBUG] Got code = 77
[DEBUG] Normal case: found entry for code 77 = 5
[DEBUG] Inserting entry 'M' as code 1319
Inserted '5M' as code 1319
[DEBUG] Read code = 956 (size 11)
[DEBUG] Got code = 956
[DEBUG] Normal case: found entry for code 956 = M
[DEBUG] Inserting entry 'JU' as code 1320
Inserted 'MJ' as code 1320
[DEBUG] Read code = 845 (size 11)
[DEBUG] Got code = 845
[DEBUG] Normal case: found entry for code 845 = JU
[DEBUG] Inserting entry 'M3' as code 1321
Inserted 'JUM' as code 1321
[DEBUG] Read code = 80 (size 11)
[DEBUG] Got code = 80
[DEBUG] Normal case: found entry for code 80 = M3
[DEBUG] Inserting entry 'P' as code 1322
Inserted 'M3P' as code 1322
[DEBUG] Read code = 66 (size 11)
[DEBUG] Got code = 66
[DEBUG] Normal case: found entry for code 66 = P
[DEBUG] Inserting entry 'B' as code 1323
Inserted 'PB' as code 1323
[DEBUG] Read code = 120 (size 11)
[DEBUG] Got code = 120
[DEBUG] Normal case: found entry for code 120 = B
[DEBUG] Inserting entry 'x' as code 1324
Inserted 'Bx' as code 1324
[DEBUG] Read code = 119 (size 11)
[DEBUG] Got code = 119
[DEBUG] Normal case: found entry for code 119 = x
[DEBUG] Inserting entry 'w' as code 1325
Inserted 'xw' as code 1325
[DEBUG] Read code = 1057 (size 11)
[DEBUG] Got code = 1057
[DEBUG] Normal case: found entry for code 1057 = w
[DEBUG] Inserting entry 'ik' as code 1326
Inserted 'wi' as code 1326
[DEBUG] Read code = 112 (size 11)
[DEBUG] Got code = 112
[DEBUG] Normal case: found entry for code 112 = ik
[DEBUG] Inserting entry 'p' as code 1327
Inserted 'ikp' as code 1327
[DEBUG] Read code = 79 (size 11)
[DEBUG] Got code = 79
[DEBUG] Normal case: found entry for code 79 = p
[DEBUG] Inserting entry 'O' as code 1328
Inserted 'pO' as code 1328
[DEBUG] Read code = 54 (size 11)
[DEBUG] Got code = 54
[DEBUG] Normal case: found entry for code 54 = O
[DEBUG] Inserting entry '6' as code 1329
Inserted 'O6' as code 1329
[DEBUG] Read code = 81 (size 11)
[DEBUG] Got code = 81
[DEBUG] Normal case: found entry for code 81 = 6
[DEBUG] Inserting entry 'Q' as code 1330
Inserted '6Q' as code 1330
[DEBUG] Read code = 114 (size 11)
[DEBUG] Got code = 114
[DEBUG] Normal case: found entry for code 114 = Q
[DEBUG] Inserting entry 'r' as code 1331
Inserted 'Qr' as code 1331
[DEBUG] Read code = 90 (size 11)
[DEBUG] Got code = 90
[DEBUG] Normal case: found entry for code 90 = r
[DEBUG] Inserting entry 'Z' as code 1332
Inserted 'rZ' as code 1332
[DEBUG] Read code = 660 (size 11)
[DEBUG] Got code = 660
[DEBUG] Normal case: found entry for code 660 = Z
[DEBUG] Inserting entry '4d' as code 1333
Inserted 'Z4' as code 1333
[DEBUG] Read code = 114 (size 11)
[DEBUG] Got code = 114
[DEBUG] Normal case: found entry for code 114 = 4d
[DEBUG] Inserting entry 'r' as code 1334
Inserted '4dr' as code 1334
[DEBUG] Read code = 100 (size 11)
[DEBUG] Got code = 100
[DEBUG] Normal case: found entry for code 100 = r
[DEBUG] Inserting entry 'd' as code 1335
Inserted 'rd' as code 1335
[DEBUG] Read code = 115 (size 11)
[DEBUG] Got code = 115
[DEBUG] Normal case: found entry for code 115 = d
[DEBUG] Inserting entry 's' as code 1336
Inserted 'ds' as code 1336
[DEBUG] Read code = 88 (size 11)
[DEBUG] Got code = 88
[DEBUG] Normal case: found entry for code 88 = s
[DEBUG] Inserting entry 'X' as code 1337
Inserted 'sX' as code 1337
[DEBUG] Read code = 105 (size 11)
[DEBUG] Got code = 105
[DEBUG] Normal case: found entry for code 105 = X
[DEBUG] Inserting entry 'i' as code 1338
Inserted 'Xi' as code 1338
[DEBUG] Read code = 860 (size 11)
[DEBUG] Got code = 860
[DEBUG] Normal case: found entry for code 860 = i
[DEBUG] Inserting entry 'T2' as code 1339
Inserted 'iT' as code 1339
[DEBUG] Read code = 101 (size 11)
[DEBUG] Got code = 101
[DEBUG] Normal case: found entry for code 101 = T2
[DEBUG] Inserting entry 'e' as code 1340
Inserted 'T2e' as code 1340
[DEBUG] Read code = 65 (size 11)
[DEBUG] Got code = 65
[DEBUG] Normal case: found entry for code 65 = e
[DEBUG] Inserting entry 'A' as code 1341
Inserted 'eA' as code 1341
[DEBUG] Read code = 65 (size 11)
[DEBUG] Got code = 65
[DEBUG] Normal case: found entry for code 65 = A
[DEBUG] Inserting entry 'A' as code 1342
Inserted 'AA' as code 1342
[DEBUG] Read code = 47 (size 11)
[DEBUG] Got code = 47
[DEBUG] Normal case: found entry for code 47 = A
[DEBUG] Inserting entry '/' as code 1343
Inserted 'A/' as code 1343
[DEBUG] Read code = 103 (size 11)
[DEBUG] Got code = 103
[DEBUG] Normal case: found entry for code 103 = /
[DEBUG] Inserting entry 'g' as code 1344
Inserted '/g' as code 1344
[DEBUG] Read code = 120 (size 11)
[DEBUG] Got code = 120
[DEBUG] Normal case: found entry for code 120 = g
[DEBUG] Inserting entry 'x' as code 1345
Inserted 'gx' as code 1345
[DEBUG] Read code = 86 (size 11)
[DEBUG] Got code = 86
[DEBUG] Normal case: found entry for code 86 = x
[DEBUG] Inserting entry 'V' as code 1346
Inserted 'xV' as code 1346
[DEBUG] Read code = 112 (size 11)
[DEBUG] Got code = 112
[DEBUG] Normal case: found entry for code 112 = V
[DEBUG] Inserting entry 'p' as code 1347
Inserted 'Vp' as code 1347
[DEBUG] Read code = 110 (size 11)
[DEBUG] Got code = 110
[DEBUG] Normal case: found entry for code 110 = p
[DEBUG] Inserting entry 'n' as code 1348
Inserted 'pn' as code 1348
[DEBUG] Read code = 114 (size 11)
[DEBUG] Got code = 114
[DEBUG] Normal case: found entry for code 114 = n
[DEBUG] Inserting entry 'r' as code 1349
Inserted 'nr' as code 1349
[DEBUG] Read code = 77 (size 11)
[DEBUG] Got code = 77
[DEBUG] Normal case: found entry for code 77 = r
[DEBUG] Inserting entry 'M' as code 1350
Inserted 'rM' as code 1350
[DEBUG] Read code = 926 (size 11)
[DEBUG] Got code = 926
[DEBUG] Normal case: found entry for code 926 = M
[DEBUG] Inserting entry 'PJ' as code 1351
Inserted 'MP' as code 1351
[DEBUG] Read code = 114 (size 11)
[DEBUG] Got code = 114
[DEBUG] Normal case: found entry for code 114 = PJ
[DEBUG] Inserting entry 'r' as code 1352
Inserted 'PJr' as code 1352
[DEBUG] Read code = 111 (size 11)
[DEBUG] Got code = 111
[DEBUG] Normal case: found entry for code 111 = r
[DEBUG] Inserting entry 'o' as code 1353
Inserted 'ro' as code 1353
[DEBUG] Read code = 735 (size 11)
[DEBUG] Got code = 735
[DEBUG] Normal case: found entry for code 735 = o
[DEBUG] Inserting entry 'jO' as code 1354
Inserted 'oj' as code 1354
[DEBUG] Read code = 527 (size 11)
[DEBUG] Got code = 527
[DEBUG] Normal case: found entry for code 527 = jO
[DEBUG] Inserting entry 'pG' as code 1355
Inserted 'jOp' as code 1355
[DEBUG] Read code = 88 (size 11)
[DEBUG] Got code = 88
[DEBUG] Normal case: found entry for code 88 = pG
[DEBUG] Inserting entry 'X' as code 1356
Inserted 'pGX' as code 1356
[DEBUG] Read code = 84 (size 11)
[DEBUG] Got code = 84
[DEBUG] Normal case: found entry for code 84 = X
[DEBUG] Inserting entry 'T' as code 1357
Inserted 'XT' as code 1357
[DEBUG] Read code = 1106 (size 11)
[DEBUG] Got code = 1106
[DEBUG] Normal case: found entry for code 1106 = T
[DEBUG] Inserting entry '3n
' as code 1358
Inserted 'T3' as code 1358
[DEBUG] Read code = 109 (size 11)
[DEBUG] Got code = 109
[DEBUG] Normal case: found entry for code 109 = 3n

[DEBUG] Inserting entry 'm' as code 1359
Inserted '3n
m' as code 1359
[DEBUG] Read code = 460 (size 11)
[DEBUG] Got code = 460
[DEBUG] Normal case: found entry for code 460 = m
[DEBUG] Inserting entry 'Rn' as code 1360
Inserted 'mR' as code 1360
[DEBUG] Read code = 56 (size 11)
[DEBUG] Got code = 56
[DEBUG] Normal case: found entry for code 56 = Rn
[DEBUG] Inserting entry '8' as code 1361
Inserted 'Rn8' as code 1361
[DEBUG] Read code = 54 (size 11)
[DEBUG] Got code = 54
[DEBUG] Normal case: found entry for code 54 = 8
[DEBUG] Inserting entry '6' as code 1362
Inserted '86' as code 1362
[DEBUG] Read code = 100 (size 11)
[DEBUG] Got code = 100
[DEBUG] Normal case: found entry for code 100 = 6
[DEBUG] Inserting entry 'd' as code 1363
Inserted '6d' as code 1363
[DEBUG] Read code = 90 (size 11)
[DEBUG] Got code = 90
[DEBUG] Normal case: found entry for code 90 = d
[DEBUG] Inserting entry 'Z' as code 1364
Inserted 'dZ' as code 1364
[DEBUG] Read code = 68 (size 11)
[DEBUG] Got code = 68
[DEBUG] Normal case: found entry for code 68 = Z
[DEBUG] Inserting entry 'D' as code 1365
Inserted 'ZD' as code 1365
[DEBUG] Read code = 48 (size 11)
[DEBUG] Got code = 48
[DEBUG] Normal case: found entry for code 48 = D
[DEBUG] Inserting entry '0' as code 1366
Inserted 'D0' as code 1366
[DEBUG] Read code = 54 (size 11)
[DEBUG] Got code = 54
[DEBUG] Normal case: found entry for code 54 = 0
[DEBUG] Inserting entry '6' as code 1367
Inserted '06' as code 1367
[DEBUG] Read code = 120 (size 11)
[DEBUG] Got code = 120
[DEBUG] Normal case: found entry for code 120 = 6
[DEBUG] Inserting entry 'x' as code 1368
Inserted '6x' as code 1368
[DEBUG] Read code = 69 (size 11)
[DEBUG] Got code = 69
[DEBUG] Normal case: found entry for code 69 = x
[DEBUG] Inserting entry 'E' as code 1369
Inserted 'xE' as code 1369
[DEBUG] Read code = 459 (size 11)
[DEBUG] Got code = 459
[DEBUG] Normal case: found entry for code 459 = E
[DEBUG] Inserting entry 'fR' as code 1370
Inserted 'Ef' as code 1370
[DEBUG] Read code = 117 (size 11)
[DEBUG] Got code = 117
[DEBUG] Normal case: found entry for code 117 = fR
[DEBUG] Inserting entry 'u' as code 1371
Inserted 'fRu' as code 1371
[DEBUG] Read code = 574 (size 11)
[DEBUG] Got code = 574
[DEBUG] Normal case: found entry for code 574 = u
[DEBUG] Inserting entry '5L' as code 1372
Inserted 'u5' as code 1372
[DEBUG] Read code = 511 (size 11)
[DEBUG] Got code = 511
[DEBUG] Normal case: found entry for code 511 = 5L
[DEBUG] Inserting entry 'Yc' as code 1373
Inserted '5LY' as code 1373
[DEBUG] Read code = 114 (size 11)
[DEBUG] Got code = 114
[DEBUG] Normal case: found entry for code 114 = Yc
[DEBUG] Inserting entry 'r' as code 1374
Inserted 'Ycr' as code 1374
[DEBUG] Read code = 102 (size 11)
[DEBUG] Got code = 102
[DEBUG] Normal case: found entry for code 102 = r
[DEBUG] Inserting entry 'f' as code 1375
Inserted 'rf' as code 1375
[DEBUG] Read code = 81 (size 11)
[DEBUG] Got code = 81
[DEBUG] Normal case: found entry for code 81 = f
[DEBUG] Inserting entry 'Q' as code 1376
Inserted 'fQ' as code 1376
[DEBUG] Read code = 336 (size 11)
[DEBUG] Got code = 336
[DEBUG] Normal case: found entry for code 336 = Q
[DEBUG] Inserting entry 'iU' as code 1377
Inserted 'Qi' as code 1377
[DEBUG] Read code = 85 (size 11)
[DEBUG] Got code = 85
[DEBUG] Normal case: found entry for code 85 = iU
[DEBUG] Inserting entry 'U' as code 1378
Inserted 'iUU' as code 1378
[DEBUG] Read code = 117 (size 11)
[DEBUG] Got code = 117
[DEBUG] Normal case: found entry for code 117 = U
[DEBUG] Inserting entry 'u' as code 1379
Inserted 'Uu' as code 1379
[DEBUG] Read code = 55 (size 11)
[DEBUG] Got code = 55
[DEBUG] Normal case: found entry for code 55 = u
[DEBUG] Inserting entry '7' as code 1380
Inserted 'u7' as code 1380
[DEBUG] Read code = 71 (size 11)
[DEBUG] Got code = 71
[DEBUG] Normal case: found entry for code 71 = 7
[DEBUG] Inserting entry 'G' as code 1381
Inserted '7G' as code 1381
[DEBUG] Read code = 66 (size 11)
[DEBUG] Got code = 66
[DEBUG] Normal case: found entry for code 66 = G
[DEBUG] Inserting entry 'B' as code 1382
Inserted 'GB' as code 1382
[DEBUG] Read code = 107 (size 11)
[DEBUG] Got code = 107
[DEBUG] Normal case: found entry for code 107 = B
[DEBUG] Inserting entry 'k' as code 1383
Inserted 'Bk' as code 1383
[DEBUG] Read code = 80 (size 11)
[DEBUG] Got code = 80
[DEBUG] Normal case: found entry for code 80 = k
[DEBUG] Inserting entry 'P' as code 1384
Inserted 'kP' as code 1384
[DEBUG] Read code = 86 (size 11)
[DEBUG] Got code = 86
[DEBUG] Normal case: found entry for code 86 = P
[DEBUG] Inserting entry 'V' as code 1385
Inserted 'PV' as code 1385
[DEBUG] Read code = 75 (size 11)
[DEBUG] Got code = 75
[DEBUG] Normal case: found entry for code 75 = V
[DEBUG] Inserting entry 'K' as code 1386
Inserted 'VK' as code 1386
[DEBUG] Read code = 69 (size 11)
[DEBUG] Got code = 69
[DEBUG] Normal case: found entry for code 69 = K
[DEBUG] Inserting entry 'E' as code 1387
Inserted 'KE' as code 1387
[DEBUG] Read code = 49 (size 11)
[DEBUG] Got code = 49
[DEBUG] Normal case: found entry for code 49 = E
[DEBUG] Inserting entry '1' as code 1388
Inserted 'E1' as code 1388
[DEBUG] Read code = 90 (size 11)
[DEBUG] Got code = 90
[DEBUG] Normal case: found entry for code 90 = 1
[DEBUG] Inserting entry 'Z' as code 1389
Inserted '1Z' as code 1389
[DEBUG] Read code = 806 (size 11)
[DEBUG] Got code = 806
[DEBUG] Normal case: found entry for code 806 = Z
[DEBUG] Inserting entry 'Ma' as code 1390
Inserted 'ZM' as code 1390
[DEBUG] Read code = 121 (size 11)
[DEBUG] Got code = 121
[DEBUG] Normal case: found entry for code 121 = Ma
[DEBUG] Inserting entry 'y' as code 1391
Inserted 'May' as code 1391
[DEBUG] Read code = 1002 (size 11)
[DEBUG] Got code = 1002
[DEBUG] Normal case: found entry for code 1002 = y
[DEBUG] Inserting entry 'Mr' as code 1392
Inserted 'yM' as code 1392
[DEBUG] Read code = 104 (size 11)
[DEBUG] Got code = 104
[DEBUG] Normal case: found entry for code 104 = Mr
[DEBUG] Inserting entry 'h' as code 1393
Inserted 'Mrh' as code 1393
[DEBUG] Read code = 57 (size 11)
[DEBUG] Got code = 57
[DEBUG] Normal case: found entry for code 57 = h
[DEBUG] Inserting entry '9' as code 1394
Inserted 'h9' as code 1394
[DEBUG] Read code = 568 (size 11)
[DEBUG] Got code = 568
[DEBUG] Normal case: found entry for code 568 = 9
[DEBUG] Inserting entry 'Fb' as code 1395
Inserted '9F' as code 1395
[DEBUG] Read code = 79 (size 11)
[DEBUG] Got code = 79
[DEBUG] Normal case: found entry for code 79 = Fb
[DEBUG] Inserting entry 'O' as code 1396
Inserted 'FbO' as code 1396
[DEBUG] Read code = 74 (size 11)
[DEBUG] Got code = 74
[DEBUG] Normal case: found entry for code 74 = O
[DEBUG] Inserting entry 'J' as code 1397
Inserted 'OJ' as code 1397
[DEBUG] Read code = 79 (size 11)
[DEBUG] Got code = 79
[DEBUG] Normal case: found entry for code 79 = J
[DEBUG] Inserting entry 'O' as code 1398
Inserted 'JO' as code 1398
[DEBUG] Read code = 384 (size 11)
[DEBUG] Got code = 384
[DEBUG] Normal case: found entry for code 384 = O
[DEBUG] Inserting entry 'zi' as code 1399
Inserted 'Oz' as code 1399
[DEBUG] Read code = 733 (size 11)
[DEBUG] Got code = 733
[DEBUG] Normal case: found entry for code 733 = zi
[DEBUG] Inserting entry 'SD' as code 1400
Inserted 'ziS' as code 1400
[DEBUG] Read code = 536 (size 11)
[DEBUG] Got code = 536
[DEBUG] Normal case: found entry for code 536 = SD
[DEBUG] Inserting entry '69' as code 1401
Inserted 'SD6' as code 1401
[DEBUG] Read code = 122 (size 11)
[DEBUG] Got code = 122
[DEBUG] Normal case: found entry for code 122 = 69
[DEBUG] Inserting entry 'z' as code 1402
Inserted '69z' as code 1402
[DEBUG] Read code = 99 (size 11)
[DEBUG] Got code = 99
[DEBUG] Normal case: found entry for code 99 = z
[DEBUG] Inserting entry 'c' as code 1403
Inserted 'zc' as code 1403
[DEBUG] Read code = 1352 (size 11)
[DEBUG] Got code = 1352
[DEBUG] Normal case: found entry for code 1352 = c
[DEBUG] Inserting entry 'PJr' as code 1404
Inserted 'cP' as code 1404
[DEBUG] Read code = 85 (size 11)
[DEBUG] Got code = 85
[DEBUG] Normal case: found entry for code 85 = PJr
[DEBUG] Inserting entry 'U' as code 1405
Inserted 'PJrU' as code 1405
[DEBUG] Read code = 70 (size 11)
[DEBUG] Got code = 70
[DEBUG] Normal case: found entry for code 70 = U
[DEBUG] Inserting entry 'F' as code 1406
Inserted 'UF' as code 1406
[DEBUG] Read code = 70 (size 11)
[DEBUG] Got code = 70
[DEBUG] Normal case: found entry for code 70 = F
[DEBUG] Inserting entry 'F' as code 1407
Inserted 'FF' as code 1407
[DEBUG] Read code = 122 (size 11)
[DEBUG] Got code = 122
[DEBUG] Normal case: found entry for code 122 = F
[DEBUG] Inserting entry 'z' as code 1408
Inserted 'Fz' as code 1408
[DEBUG] Read code = 491 (size 11)
[DEBUG] Got code = 491
[DEBUG] Normal case: found entry for code 491 = z
[DEBUG] Inserting entry '1y' as code 1409
Inserted 'z1' as code 1409
[DEBUG] Read code = 956 (size 11)
[DEBUG] Got code = 956
[DEBUG] Normal case: found entry for code 956 = 1y
[DEBUG] Inserting entry 'JU' as code 1410
Inserted '1yJ' as code 1410
[DEBUG] Read code = 52 (size 11)
[DEBUG] Got code = 52
[DEBUG] Normal case: found entry for code 52 = JU
[DEBUG] Inserting entry '4' as code 1411
Inserted 'JU4' as code 1411
[DEBUG] Read code = 67 (size 11)
[DEBUG] Got code = 67
[DEBUG] Normal case: found entry for code 67 = 4
[DEBUG] Inserting entry 'C' as code 1412
Inserted '4C' as code 1412
[DEBUG] Read code = 52 (size 11)
[DEBUG] Got code = 52
[DEBUG] Normal case: found entry for code 52 = C
[DEBUG] Inserting entry '4' as code 1413
Inserted 'C4' as code 1413
[DEBUG] Read code = 66 (size 11)
[DEBUG] Got code = 66
[DEBUG] Normal case: found entry for code 66 = 4
[DEBUG] Inserting entry 'B' as code 1414
Inserted '4B' as code 1414
[DEBUG] Read code = 113 (size 11)
[DEBUG] Got code = 113
[DEBUG] Normal case: found entry for code 113 = B
[DEBUG] Inserting entry 'q' as code 1415
Inserted 'Bq' as code 1415
[DEBUG] Read code = 49 (size 11)
[DEBUG] Got code = 49
[DEBUG] Normal case: found entry for code 49 = q
[DEBUG] Inserting entry '1' as code 1416
Inserted 'q1' as code 1416
[DEBUG] Read code = 55 (size 11)
[DEBUG] Got code = 55
[DEBUG] Normal case: found entry for code 55 = 1
[DEBUG] Inserting entry '7' as code 1417
Inserted '17' as code 1417
[DEBUG] Read code = 100 (size 11)
[DEBUG] Got code = 100
[DEBUG] Normal case: found entry for code 100 = 7
[DEBUG] Inserting entry 'd' as code 1418
Inserted '7d' as code 1418
[DEBUG] Read code = 1168 (size 11)
[DEBUG] Got code = 1168
[DEBUG] Normal case: found entry for code 1168 = d
[DEBUG] Inserting entry 'HP' as code 1419
Inserted 'dH' as code 1419
[DEBUG] Read code = 105 (size 11)
[DEBUG] Got code = 105
[DEBUG] Normal case: found entry for code 105 = HP
[DEBUG] Inserting entry 'i' as code 1420
Inserted 'HPi' as code 1420
[DEBUG] Read code = 121 (size 11)
[DEBUG] Got code = 121
[DEBUG] Normal case: found entry for code 121 = i
[DEBUG] Inserting entry 'y' as code 1421
Inserted 'iy' as code 1421
[DEBUG] Read code = 84 (size 11)
[DEBUG] Got code = 84
[DEBUG] Normal case: found entry for code 84 = y
[DEBUG] Inserting entry 'T' as code 1422
Inserted 'yT' as code 1422
[DEBUG] Read code = 593 (size 11)
[DEBUG] Got code = 593
[DEBUG] Normal case: found entry for code 593 = T
[DEBUG] Inserting entry 'pv' as code 1423
Inserted 'Tp' as code 1423
[DEBUG] Read code = 51 (size 11)
[DEBUG] Got code = 51
[DEBUG] Normal case: found entry for code 51 = pv
[DEBUG] Inserting entry '3' as code 1424
Inserted 'pv3' as code 1424
[DEBUG] Read code = 277 (size 11)
[DEBUG] Got code = 277
[DEBUG] Normal case: found entry for code 277 = 3
[DEBUG] Inserting entry 'iZ' as code 1425
Inserted '3i' as code 1425
[DEBUG] Read code = 340 (size 11)
[DEBUG] Got code = 340
[DEBUG] Normal case: found entry for code 340 = iZ
[DEBUG] Inserting entry '+K' as code 1426
Inserted 'iZ+' as code 1426
[DEBUG] Read code = 302 (size 11)
[DEBUG] Got code = 302
[DEBUG] Normal case: found entry for code 302 = +K
[DEBUG] Inserting entry 'us' as code 1427
Inserted '+Ku' as code 1427
[DEBUG] Read code = 56 (size 11)
[DEBUG] Got code = 56
[DEBUG] Normal case: found entry for code 56 = us
[DEBUG] Inserting entry '8' as code 1428
Inserted 'us8' as code 1428
[DEBUG] Read code = 551 (size 11)
[DEBUG] Got code = 551
[DEBUG] Normal case: found entry for code 551 = 8
[DEBUG] Inserting entry 'Mv' as code 1429
Inserted '8M' as code 1429
[DEBUG] Read code = 49 (size 11)
[DEBUG] Got code = 49
[DEBUG] Normal case: found entry for code 49 = Mv
[DEBUG] Inserting entry '1' as code 1430
Inserted 'Mv1' as code 1430
[DEBUG] Read code = 99 (size 11)
[DEBUG] Got code = 99
[DEBUG] Normal case: found entry for code 99 = 1
[DEBUG] Inserting entry 'c' as code 1431
Inserted '1c' as code 1431
[DEBUG] Read code = 111 (size 11)
[DEBUG] Got code = 111
[DEBUG] Normal case: found entry for code 111 = c
[DEBUG] Inserting entry 'o' as code 1432
Inserted 'co' as code 1432
[DEBUG] Read code = 90 (size 11)
[DEBUG] Got code = 90
[DEBUG] Normal case: found entry for code 90 = o
[DEBUG] Inserting entry 'Z' as code 1433
Inserted 'oZ' as code 1433
[DEBUG] Read code = 376 (size 11)
[DEBUG] Got code = 376
[DEBUG] Normal case: found entry for code 376 = Z
[DEBUG] Inserting entry 'x7' as code 1434
Inserted 'Zx' as code 1434
[DEBUG] Read code = 90 (size 11)
[DEBUG] Got code = 90
[DEBUG] Normal case: found entry for code 90 = x7
[DEBUG] Inserting entry 'Z' as code 1435
Inserted 'x7Z' as code 1435
[DEBUG] Read code = 98 (size 11)
[DEBUG] Got code = 98
[DEBUG] Normal case: found entry for code 98 = Z
[DEBUG] Inserting entry 'b' as code 1436
Inserted 'Zb' as code 1436
[DEBUG] Read code = 71 (size 11)
[DEBUG] Got code = 71
[DEBUG] Normal case: found entry for code 71 = b
[DEBUG] Inserting entry 'G' as code 1437
Inserted 'bG' as code 1437
[DEBUG] Read code = 110 (size 11)
[DEBUG] Got code = 110
[DEBUG] Normal case: found entry for code 110 = G
[DEBUG] Inserting entry 'n' as code 1438
Inserted 'Gn' as code 1438
[DEBUG] Read code = 78 (size 11)
[DEBUG] Got code = 78
[DEBUG] Normal case: found entry for code 78 = n
[DEBUG] Inserting entry 'N' as code 1439
Inserted 'nN' as code 1439
[DEBUG] Read code = 75 (size 11)
[DEBUG] Got code = 75
[DEBUG] Normal case: found entry for code 75 = N
[DEBUG] Inserting entry 'K' as code 1440
Inserted 'NK' as code 1440
[DEBUG] Read code = 47 (size 11)
[DEBUG] Got code = 47
[DEBUG] Normal case: found entry for code 47 = K
[DEBUG] Inserting entry '/' as code 1441
Inserted 'K/' as code 1441
[DEBUG] Read code = 104 (size 11)
[DEBUG] Got code = 104
[DEBUG] Normal case: found entry for code 104 = /
[DEBUG] Inserting entry 'h' as code 1442
Inserted '/h' as code 1442
[DEBUG] Read code = 100 (size 11)
[DEBUG] Got code = 100
[DEBUG] Normal case: found entry for code 100 = h
[DEBUG] Inserting entry 'd' as code 1443
Inserted 'hd' as code 1443
[DEBUG] Read code = 74 (size 11)
[DEBUG] Got code = 74
[DEBUG] Normal case: found entry for code 74 = d
[DEBUG] Inserting entry 'J' as code 1444
Inserted 'dJ' as code 1444
[DEBUG] Read code = 69 (size 11)
[DEBUG] Got code = 69
[DEBUG] Normal case: found entry for code 69 = J
[DEBUG] Inserting entry 'E' as code 1445
Inserted 'JE' as code 1445
[DEBUG] Read code = 90 (size 11)
[DEBUG] Got code = 90
[DEBUG] Normal case: found entry for code 90 = E
[DEBUG] Inserting entry 'Z' as code 1446
Inserted 'EZ' as code 1446
[DEBUG] Read code = 1325 (size 11)
[DEBUG] Got code = 1325
[DEBUG] Normal case: found entry for code 1325 = Z
[DEBUG] Inserting entry 'xw' as code 1447
Inserted 'Zx' as code 1447
[DEBUG] Read code = 114 (size 11)
[DEBUG] Got code = 114
[DEBUG] Normal case: found entry for code 114 = xw
[DEBUG] Inserting entry 'r' as code 1448
Inserted 'xwr' as code 1448
[DEBUG] Read code = 73 (size 11)
[DEBUG] Got code = 73
[DEBUG] Normal case: found entry for code 73 = r
[DEBUG] Inserting entry 'I' as code 1449
Inserted 'rI' as code 1449
[DEBUG] Read code = 756 (size 11)
[DEBUG] Got code = 756
[DEBUG] Normal case: found entry for code 756 = I
[DEBUG] Inserting entry '+P' as code 1450
Inserted 'I+' as code 1450
[DEBUG] Read code = 73 (size 11)
[DEBUG] Got code = 73
[DEBUG] Normal case: found entry for code 73 = +P
[DEBUG] Inserting entry 'I' as code 1451
Inserted '+PI' as code 1451
[DEBUG] Read code = 83 (size 11)
[DEBUG] Got code = 83
[DEBUG] Normal case: found entry for code 83 = I
[DEBUG] Inserting entry 'S' as code 1452
Inserted 'IS' as code 1452
[DEBUG] Read code = 1116 (size 11)
[DEBUG] Got code = 1116
[DEBUG] Normal case: found entry for code 1116 = S
[DEBUG] Inserting entry 'IY' as code 1453
Inserted 'SI' as code 1453
[DEBUG] Read code = 49 (size 11)
[DEBUG] Got code = 49
[DEBUG] Normal case: found entry for code 49 = IY
[DEBUG] Inserting entry '1' as code 1454
Inserted 'IY1' as code 1454
[DEBUG] Read code = 576 (size 11)
[DEBUG] Got code = 576
[DEBUG] Normal case: found entry for code 576 = 1
[DEBUG] Inserting entry 'Hd' as code 1455
Inserted '1H' as code 1455
[DEBUG] Read code = 74 (size 11)
[DEBUG] Got code = 74
[DEBUG] Normal case: found entry for code 74 = Hd
[DEBUG] Inserting entry 'J' as code 1456
Inserted 'HdJ' as code 1456
[DEBUG] Read code = 88 (size 11)
[DEBUG] Got code = 88
[DEBUG] Normal case: found entry for code 88 = J
[DEBUG] Inserting entry 'X' as code 1457
Inserted 'JX' as code 1457
[DEBUG] Read code = 57 (size 11)
[DEBUG] Got code = 57
[DEBUG] Normal case: found entry for code 57 = X
[DEBUG] Inserting entry '9' as code 1458
Inserted 'X9' as code 1458
[DEBUG] Read code = 75 (size 11)
[DEBUG] Got code = 75
[DEBUG] Normal case: found entry for code 75 = 9
[DEBUG] Inserting entry 'K' as code 1459
Inserted '9K' as code 1459
[DEBUG] Read code = 1142 (size 11)
[DEBUG] Got code = 1142
[DEBUG] Normal case: found entry for code 1142 = K
[DEBUG] Inserting entry 'CQ' as code 1460
Inserted 'KC' as code 1460
[DEBUG] Read code = 567 (size 11)
[DEBUG] Got code = 567
[DEBUG] Normal case: found entry for code 567 = CQ
[DEBUG] Inserting entry '2F' as code 1461
Inserted 'CQ2' as code 1461
[DEBUG] Read code = 73 (size 11)
[DEBUG] Got code = 73
[DEBUG] Normal case: found entry for code 73 = 2F
[DEBUG] Inserting entry 'I' as code 1462
Inserted '2FI' as code 1462
[DEBUG] Read code = 121 (size 11)
[DEBUG] Got code = 121
[DEBUG] Normal case: found entry for code 121 = I
[DEBUG] Inserting entry 'y' as code 1463
Inserted 'Iy' as code 1463
[DEBUG] Read code = 1069 (size 11)
[DEBUG] Got code = 1069
[DEBUG] Normal case: found entry for code 1069 = y
[DEBUG] Inserting entry '8E' as code 1464
Inserted 'y8' as code 1464
[DEBUG] Read code = 109 (size 11)
[DEBUG] Got code = 109
[DEBUG] Normal case: found entry for code 109 = 8E
[DEBUG] Inserting entry 'm' as code 1465
Inserted '8Em' as code 1465
[DEBUG] Read code = 772 (size 11)
[DEBUG] Got code = 772
[DEBUG] Normal case: found entry for code 772 = m
[DEBUG] Inserting entry '6y' as code 1466
Inserted 'm6' as code 1466
[DEBUG] Read code = 65 (size 11)
[DEBUG] Got code = 65
[DEBUG] Normal case: found entry for code 65 = 6y
[DEBUG] Inserting entry 'A' as code 1467
Inserted '6yA' as code 1467
[DEBUG] Read code = 67 (size 11)
[DEBUG] Got code = 67
[DEBUG] Normal case: found entry for code 67 = A
[DEBUG] Inserting entry 'C' as code 1468
Inserted 'AC' as code 1468
[DEBUG] Read code = 1016 (size 11)
[DEBUG] Got code = 1016
[DEBUG] Normal case: found entry for code 1016 = C
[DEBUG] Inserting entry 'ML' as code 1469
Inserted 'CM' as code 1469
[DEBUG] Read code = 51 (size 11)
[DEBUG] Got code = 51
[DEBUG] Normal case: found entry for code 51 = ML
[DEBUG] Inserting entry '3' as code 1470
Inserted 'ML3' as code 1470
[DEBUG] Read code = 112 (size 11)
[DEBUG] Got code = 112
[DEBUG] Normal case: found entry for code 112 = 3
[DEBUG] Inserting entry 'p' as code 1471
Inserted '3p' as code 1471
[DEBUG] Read code = 739 (size 11)
[DEBUG] Got code = 739
[DEBUG] Normal case: found entry for code 739 = p
[DEBUG] Inserting entry 'se' as code 1472
Inserted 'ps' as code 1472
[DEBUG] Read code = 57 (size 11)
[DEBUG] Got code = 57
[DEBUG] Normal case: found entry for code 57 = se
[DEBUG] Inserting entry '9' as code 1473
Inserted 'se9' as code 1473
[DEBUG] Read code = 479 (size 11)
[DEBUG] Got code = 479
[DEBUG] Normal case: found entry for code 479 = 9
[DEBUG] Inserting entry 'C0' as code 1474
Inserted '9C' as code 1474
[DEBUG] Read code = 1103 (size 11)
[DEBUG] Got code = 1103
[DEBUG] Normal case: found entry for code 1103 = C0
[DEBUG] Inserting entry 'LY' as code 1475
Inserted 'C0L' as code 1475
[DEBUG] Read code = 89 (size 11)
[DEBUG] Got code = 89
[DEBUG] Normal case: found entry for code 89 = LY
[DEBUG] Inserting entry 'Y' as code 1476
Inserted 'LYY' as code 1476
[DEBUG] Read code = 117 (size 11)
[DEBUG] Got code = 117
[DEBUG] Normal case: found entry for code 117 = Y
[DEBUG] Inserting entry 'u' as code 1477
Inserted 'Yu' as code 1477
[DEBUG] Read code = 842 (size 11)
[DEBUG] Got code = 842
[DEBUG] Normal case: found entry for code 842 = u
[DEBUG] Inserting entry '
N' as code 1478
Inserted 'u
' as code 1478
[DEBUG] Read code = 50 (size 11)
[DEBUG] Got code = 50
[DEBUG] Normal case: found entry for code 50 = 
N
[DEBUG] Inserting entry '2' as code 1479
Inserted '
N2' as code 1479
[DEBUG] Read code = 103 (size 11)
[DEBUG] Got code = 103
[DEBUG] Normal case: found entry for code 103 = 2
[DEBUG] Inserting entry 'g' as code 1480
Inserted '2g' as code 1480
[DEBUG] Read code = 535 (size 11)
[DEBUG] Got code = 535
[DEBUG] Normal case: found entry for code 535 = g
[DEBUG] Inserting entry 'b6' as code 1481
Inserted 'gb' as code 1481
[DEBUG] Read code = 510 (size 11)
[DEBUG] Got code = 510
[DEBUG] Normal case: found entry for code 510 = b6
[DEBUG] Inserting entry 'EY' as code 1482
Inserted 'b6E' as code 1482
[DEBUG] Read code = 89 (size 11)
[DEBUG] Got code = 89
[DEBUG] Normal case: found entry for code 89 = EY
[DEBUG] Inserting entry 'Y' as code 1483
Inserted 'EYY' as code 1483
[DEBUG] Read code = 97 (size 11)
[DEBUG] Got code = 97
[DEBUG] Normal case: found entry for code 97 = Y
[DEBUG] Inserting entry 'a' as code 1484
Inserted 'Ya' as code 1484
[DEBUG] Read code = 258 (size 11)
[DEBUG] Got code = 258
[DEBUG] Normal case: found entry for code 258 = a
[DEBUG] Inserting entry 'DK' as code 1485
Inserted 'aD' as code 1485
[DEBUG] Read code = 116 (size 11)
[DEBUG] Got code = 116
[DEBUG] Normal case: found entry for code 116 = DK
[DEBUG] Inserting entry 't' as code 1486
Inserted 'DKt' as code 1486
[DEBUG] Read code = 1334 (size 11)
[DEBUG] Got code = 1334
[DEBUG] Normal case: found entry for code 1334 = t
[DEBUG] Inserting entry '4dr' as code 1487
Inserted 't4' as code 1487
[DEBUG] Read code = 68 (size 11)
[DEBUG] Got code = 68
[DEBUG] Normal case: found entry for code 68 = 4dr
[DEBUG] Inserting entry 'D' as code 1488
Inserted '4drD' as code 1488
[DEBUG] Read code = 387 (size 11)
[DEBUG] Got code = 387
[DEBUG] Normal case: found entry for code 387 = D
[DEBUG] Inserting entry 'xy' as code 1489
Inserted 'Dx' as code 1489
[DEBUG] Read code = 73 (size 11)
[DEBUG] Got code = 73
[DEBUG] Normal case: found entry for code 73 = xy
[DEBUG] Inserting entry 'I' as code 1490
Inserted 'xyI' as code 1490
[DEBUG] Read code = 67 (size 11)
[DEBUG] Got code = 67
[DEBUG] Normal case: found entry for code 67 = I
[DEBUG] Inserting entry 'C' as code 1491
Inserted 'IC' as code 1491
[DEBUG] Read code = 74 (size 11)
[DEBUG] Got code = 74
[DEBUG] Normal case: found entry for code 74 = C
[DEBUG] Inserting entry 'J' as code 1492
Inserted 'CJ' as code 1492
[DEBUG] Read code = 1027 (size 11)
[DEBUG] Got code = 1027
[DEBUG] Normal case: found entry for code 1027 = J
[DEBUG] Inserting entry 'Bw' as code 1493
Inserted 'JB' as code 1493
[DEBUG] Read code = 107 (size 11)
[DEBUG] Got code = 107
[DEBUG] Normal case: found entry for code 107 = Bw
[DEBUG] Inserting entry 'k' as code 1494
Inserted 'Bwk' as code 1494
[DEBUG] Read code = 85 (size 11)
[DEBUG] Got code = 85
[DEBUG] Normal case: found entry for code 85 = k
[DEBUG] Inserting entry 'U' as code 1495
Inserted 'kU' as code 1495
[DEBUG] Read code = 85 (size 11)
[DEBUG] Got code = 85
[DEBUG] Normal case: found entry for code 85 = U
[DEBUG] Inserting entry 'U' as code 1496
Inserted 'UU' as code 1496
[DEBUG] Read code = 75 (size 11)
[DEBUG] Got code = 75
[DEBUG] Normal case: found entry for code 75 = U
[DEBUG] Inserting entry 'K' as code 1497
Inserted 'UK' as code 1497
[DEBUG] Read code = 964 (size 11)
[DEBUG] Got code = 964
[DEBUG] Normal case: found entry for code 964 = K
[DEBUG] Inserting entry 'lI' as code 1498
Inserted 'Kl' as code 1498
[DEBUG] Read code = 114 (size 11)
[DEBUG] Got code = 114
[DEBUG] Normal case: found entry for code 114 = lI
[DEBUG] Inserting entry 'r' as code 1499
Inserted 'lIr' as code 1499
[DEBUG] Read code = 1311 (size 11)
[DEBUG] Got code = 1311
[DEBUG] Normal case: found entry for code 1311 = r
[DEBUG] Inserting entry '/K+' as code 1500
Inserted 'r/' as code 1500
[DEBUG] Read code = 900 (size 11)
[DEBUG] Got code = 900
[DEBUG] Normal case: found entry for code 900 = /K+
[DEBUG] Inserting entry 'lo' as code 1501
Inserted '/K+l' as code 1501
[DEBUG] Read code = 87 (size 11)
[DEBUG] Got code = 87
[DEBUG] Normal case: found entry for code 87 = lo
[DEBUG] Inserting entry 'W' as code 1502
Inserted 'loW' as code 1502
[DEBUG] Read code = 48 (size 11)
[DEBUG] Got code = 48
[DEBUG] Normal case: found entry for code 48 = W
[DEBUG] Inserting entry '0' as code 1503
Inserted 'W0' as code 1503
[DEBUG] Read code = 121 (size 11)
[DEBUG] Got code = 121
[DEBUG] Normal case: found entry for code 121 = 0
[DEBUG] Inserting entry 'y' as code 1504
Inserted '0y' as code 1504
[DEBUG] Read code = 75 (size 11)
[DEBUG] Got code = 75
[DEBUG] Normal case: found entry for code 75 = y
[DEBUG] Inserting entry 'K' as code 1505
Inserted 'yK' as code 1505
[DEBUG] Read code = 83 (size 11)
[DEBUG] Got code = 83
[DEBUG] Normal case: found entry for code 83 = K
[DEBUG] Inserting entry 'S' as code 1506
Inserted 'KS' as code 1506
[DEBUG] Read code = 1283 (size 11)
[DEBUG] Got code = 1283
[DEBUG] Normal case: found entry for code 1283 = S
[DEBUG] Inserting entry '3w' as code 1507
Inserted 'S3' as code 1507
[DEBUG] Read code = 120 (size 11)
[DEBUG] Got code = 120
[DEBUG] Normal case: found entry for code 120 = 3w
[DEBUG] Inserting entry 'x' as code 1508
Inserted '3wx' as code 1508
[DEBUG] Read code = 74 (size 11)
[DEBUG] Got code = 74
[DEBUG] Normal case: found entry for code 74 = x
[DEBUG] Inserting entry 'J' as code 1509
Inserted 'xJ' as code 1509
[DEBUG] Read code = 43 (size 11)
[DEBUG] Got code = 43
[DEBUG] Normal case: found entry for code 43 = J
[DEBUG] Inserting entry '+' as code 1510
Inserted 'J+' as code 1510
[DEBUG] Read code = 869 (size 11)
[DEBUG] Got code = 869
[DEBUG] Normal case: found entry for code 869 = +
[DEBUG] Inserting entry 'Yv' as code 1511
Inserted '+Y' as code 1511
[DEBUG] Read code = 67 (size 11)
[DEBUG] Got code = 67
[DEBUG] Normal case: found entry for code 67 = Yv
[DEBUG] Inserting entry 'C' as code 1512
Inserted 'YvC' as code 1512
[DEBUG] Read code = 122 (size 11)
[DEBUG] Got code = 122
[DEBUG] Normal case: found entry for code 122 = C
[DEBUG] Inserting entry 'z' as code 1513
Inserted 'Cz' as code 1513
[DEBUG] Read code = 48 (size 11)
[DEBUG] Got code = 48
[DEBUG] Normal case: found entry for code 48 = z
[DEBUG] Inserting entry '0' as code 1514
Inserted 'z0' as code 1514
[DEBUG] Read code = 66 (size 11)
[DEBUG] Got code = 66
[DEBUG] Normal case: found entry for code 66 = 0
[DEBUG] Inserting entry 'B' as code 1515
Inserted '0B' as code 1515
[DEBUG] Read code = 66 (size 11)
[DEBUG] Got code = 66
[DEBUG] Normal case: found entry for code 66 = B
[DEBUG] Inserting entry 'B' as code 1516
Inserted 'BB' as code 1516
[DEBUG] Read code = 281 (size 11)
[DEBUG] Got code = 281
[DEBUG] Normal case: found entry for code 281 = B
[DEBUG] Inserting entry '8T' as code 1517
Inserted 'B8' as code 1517
[DEBUG] Read code = 80 (size 11)
[DEBUG] Got code = 80
[DEBUG] Normal case: found entry for code 80 = 8T
[DEBUG] Inserting entry 'P' as code 1518
Inserted '8TP' as code 1518
[DEBUG] Read code = 68 (size 11)
[DEBUG] Got code = 68
[DEBUG] Normal case: found entry for code 68 = P
[DEBUG] Inserting entry 'D' as code 1519
Inserted 'PD' as code 1519
[DEBUG] Read code = 49 (size 11)
[DEBUG] Got code = 49
[DEBUG] Normal case: found entry for code 49 = D
[DEBUG] Inserting entry '1' as code 1520
Inserted 'D1' as code 1520
[DEBUG] Read code = 108 (size 11)
[DEBUG] Got code = 108
[DEBUG] Normal case: found entry for code 108 = 1
[DEBUG] Inserting entry 'l' as code 1521
Inserted '1l' as code 1521
[DEBUG] Read code = 49 (size 11)
[DEBUG] Got code = 49
[DEBUG] Normal case: found entry for code 49 = l
[DEBUG] Inserting entry '1' as code 1522
Inserted 'l1' as code 1522
[DEBUG] Read code = 620 (size 11)
[DEBUG] Got code = 620
[DEBUG] Normal case: found entry for code 620 = 1
[DEBUG] Inserting entry 'Vw' as code 1523
Inserted '1V' as code 1523
[DEBUG] Read code = 89 (size 11)
[DEBUG] Got code = 89
[DEBUG] Normal case: found entry for code 89 = Vw
[DEBUG] Inserting entry 'Y' as code 1524
Inserted 'VwY' as code 1524
[DEBUG] Read code = 50 (size 11)
[DEBUG] Got code = 50
[DEBUG] Normal case: found entry for code 50 = Y
[DEBUG] Inserting entry '2' as code 1525
Inserted 'Y2' as code 1525
[DEBUG] Read code = 99 (size 11)
[DEBUG] Got code = 99
[DEBUG] Normal case: found entry for code 99 = 2
[DEBUG] Inserting entry 'c' as code 1526
Inserted '2c' as code 1526
[DEBUG] Read code = 54 (size 11)
[DEBUG] Got code = 54
[DEBUG] Normal case: found entry for code 54 = c
[DEBUG] Inserting entry '6' as code 1527
Inserted 'c6' as code 1527
[DEBUG] Read code = 117 (size 11)
[DEBUG] Got code = 117
[DEBUG] Normal case: found entry for code 117 = 6
[DEBUG] Inserting entry 'u' as code 1528
Inserted '6u' as code 1528
[DEBUG] Read code = 1178 (size 11)
[DEBUG] Got code = 1178
[DEBUG] Normal case: found entry for code 1178 = u
[DEBUG] Inserting entry 'XF' as code 1529
Inserted 'uX' as code 1529
[DEBUG] Read code = 50 (size 11)
[DEBUG] Got code = 50
[DEBUG] Normal case: found entry for code 50 = XF
[DEBUG] Inserting entry '2' as code 1530
Inserted 'XF2' as code 1530
[DEBUG] Read code = 122 (size 11)
[DEBUG] Got code = 122
[DEBUG] Normal case: found entry for code 122 = 2
[DEBUG] Inserting entry 'z' as code 1531
Inserted '2z' as code 1531
[DEBUG] Read code = 75 (size 11)
[DEBUG] Got code = 75
[DEBUG] Normal case: found entry for code 75 = z
[DEBUG] Inserting entry 'K' as code 1532
Inserted 'zK' as code 1532
[DEBUG] Read code = 308 (size 11)
[DEBUG] Got code = 308
[DEBUG] Normal case: found entry for code 308 = K
[DEBUG] Inserting entry 'DH' as code 1533
Inserted 'KD' as code 1533
[DEBUG] Read code = 1367 (size 11)
[DEBUG] Got code = 1367
[DEBUG] Normal case: found entry for code 1367 = DH
[DEBUG] Inserting entry '06' as code 1534
Inserted 'DH0' as code 1534
[DEBUG] Read code = 55 (size 11)
[DEBUG] Got code = 55
[DEBUG] Normal case: found entry for code 55 = 06
[DEBUG] Inserting entry '7' as code 1535
Inserted '067' as code 1535
[DEBUG] Read code = 78 (size 11)
[DEBUG] Got code = 78
[DEBUG] Normal case: found entry for code 78 = 7
[DEBUG] Inserting entry 'N' as code 1536
Inserted '7N' as code 1536
[DEBUG] Read code = 88 (size 11)
[DEBUG] Got code = 88
[DEBUG] Normal case: found entry for code 88 = N
[DEBUG] Inserting entry 'X' as code 1537
Inserted 'NX' as code 1537
[DEBUG] Read code = 410 (size 11)
[DEBUG] Got code = 410
[DEBUG] Normal case: found entry for code 410 = X
[DEBUG] Inserting entry '
g' as code 1538
Inserted 'X
' as code 1538
[DEBUG] Read code = 886 (size 11)
[DEBUG] Got code = 886
[DEBUG] Normal case: found entry for code 886 = 
g
[DEBUG] Inserting entry '+9' as code 1539
Inserted '
g+' as code 1539
[DEBUG] Read code = 844 (size 11)
[DEBUG] Got code = 844
[DEBUG] Normal case: found entry for code 844 = +9
[DEBUG] Inserting entry 'dM' as code 1540
Inserted '+9d' as code 1540
[DEBUG] Read code = 47 (size 11)
[DEBUG] Got code = 47
[DEBUG] Normal case: found entry for code 47 = dM
[DEBUG] Inserting entry '/' as code 1541
Inserted 'dM/' as code 1541
[DEBUG] Read code = 49 (size 11)
[DEBUG] Got code = 49
[DEBUG] Normal case: found entry for code 49 = /
[DEBUG] Inserting entry '1' as code 1542
Inserted '/1' as code 1542
[DEBUG] Read code = 81 (size 11)
[DEBUG] Got code = 81
[DEBUG] Normal case: found entry for code 81 = 1
[DEBUG] Inserting entry 'Q' as code 1543
Inserted '1Q' as code 1543
[DEBUG] Read code = 85 (size 11)
[DEBUG] Got code = 85
[DEBUG] Normal case: found entry for code 85 = Q
[DEBUG] Inserting entry 'U' as code 1544
Inserted 'QU' as code 1544
[DEBUG] Read code = 68 (size 11)
[DEBUG] Got code = 68
[DEBUG] Normal case: found entry for code 68 = U
[DEBUG] Inserting entry 'D' as code 1545
Inserted 'UD' as code 1545
[DEBUG] Read code = 55 (size 11)
[DEBUG] Got code = 55
[DEBUG] Normal case: found entry for code 55 = D
[DEBUG] Inserting entry '7' as code 1546
Inserted 'D7' as code 1546
[DEBUG] Read code = 67 (size 11)
[DEBUG] Got code = 67
[DEBUG] Normal case: found entry for code 67 = 7
[DEBUG] Inserting entry 'C' as code 1547
Inserted '7C' as code 1547
[DEBUG] Read code = 512 (size 11)
[DEBUG] Got code = 512
[DEBUG] Normal case: found entry for code 512 = C
[DEBUG] Inserting entry 'cj' as code 1548
Inserted 'Cc' as code 1548
[DEBUG] Read code = 1238 (size 11)
[DEBUG] Got code = 1238
[DEBUG] Normal case: found entry for code 1238 = cj
[DEBUG] Inserting entry 'pr4' as code 1549
Inserted 'cjp' as code 1549
[DEBUG] Read code = 116 (size 11)
[DEBUG] Got code = 116
[DEBUG] Normal case: found entry for code 116 = pr4
[DEBUG] Inserting entry 't' as code 1550
Inserted 'pr4t' as code 1550
[DEBUG] Read code = 307 (size 11)
[DEBUG] Got code = 307
[DEBUG] Normal case: found entry for code 307 = t
[DEBUG] Inserting entry '5D' as code 1551
Inserted 't5' as code 1551
[DEBUG] Read code = 629 (size 11)
[DEBUG] Got code = 629
[DEBUG] Normal case: found entry for code 629 = 5D
[DEBUG] Inserting entry 'v3' as code 1552
Inserted '5Dv' as code 1552
[DEBUG] Read code = 69 (size 11)
[DEBUG] Got code = 69
[DEBUG] Normal case: found entry for code 69 = v3
[DEBUG] Inserting entry 'E' as code 1553
Inserted 'v3E' as code 1553
[DEBUG] Read code = 688 (size 11)
[DEBUG] Got code = 688
[DEBUG] Normal case: found entry for code 688 = E
[DEBUG] Inserting entry 'un' as code 1554
Inserted 'Eu' as code 1554
[DEBUG] Read code = 547 (size 11)
[DEBUG] Got code = 547
[DEBUG] Normal case: found entry for code 547 = un
[DEBUG] Inserting entry 'Wq' as code 1555
Inserted 'unW' as code 1555
[DEBUG] Read code = 667 (size 11)
[DEBUG] Got code = 667
[DEBUG] Normal case: found entry for code 667 = Wq
[DEBUG] Inserting entry 'bc' as code 1556
Inserted 'Wqb' as code 1556
[DEBUG] Read code = 68 (size 11)
[DEBUG] Got code = 68
[DEBUG] Normal case: found entry for code 68 = bc
[DEBUG] Inserting entry 'D' as code 1557
Inserted 'bcD' as code 1557
[DEBUG] Read code = 89 (size 11)
[DEBUG] Got code = 89
[DEBUG] Normal case: found entry for code 89 = D
[DEBUG] Inserting entry 'Y' as code 1558
Inserted 'DY' as code 1558
[DEBUG] Read code = 840 (size 11)
[DEBUG] Got code = 840
[DEBUG] Normal case: found entry for code 840 = Y
[DEBUG] Inserting entry 'V3' as code 1559
Inserted 'YV' as code 1559
[DEBUG] Read code = 75 (size 11)
[DEBUG] Got code = 75
[DEBUG] Normal case: found entry for code 75 = V3
[DEBUG] Inserting entry 'K' as code 1560
Inserted 'V3K' as code 1560
[DEBUG] Read code = 88 (size 11)
[DEBUG] Got code = 88
[DEBUG] Normal case: found entry for code 88 = K
[DEBUG] Inserting entry 'X' as code 1561
Inserted 'KX' as code 1561
[DEBUG] Read code = 117 (size 11)
[DEBUG] Got code = 117
[DEBUG] Normal case: found entry for code 117 = X
[DEBUG] Inserting entry 'u' as code 1562
Inserted 'Xu' as code 1562
[DEBUG] Read code = 54 (size 11)
[DEBUG] Got code = 54
[DEBUG] Normal case: found entry for code 54 = u
[DEBUG] Inserting entry '6' as code 1563
Inserted 'u6' as code 1563
[DEBUG] Read code = 97 (size 11)
[DEBUG] Got code = 97
[DEBUG] Normal case: found entry for code 97 = 6
[DEBUG] Inserting entry 'a' as code 1564
Inserted '6a' as code 1564
[DEBUG] Read code = 49 (size 11)
[DEBUG] Got code = 49
[DEBUG] Normal case: found entry for code 49 = a
[DEBUG] Inserting entry '1' as code 1565
Inserted 'a1' as code 1565
[DEBUG] Read code = 73 (size 11)
[DEBUG] Got code = 73
[DEBUG] Normal case: found entry for code 73 = 1
[DEBUG] Inserting entry 'I' as code 1566
Inserted '1I' as code 1566
[DEBUG] Read code = 870 (size 11)
[DEBUG] Got code = 870
[DEBUG] Normal case: found entry for code 870 = I
[DEBUG] Inserting entry 'vn' as code 1567
Inserted 'Iv' as code 1567
[DEBUG] Read code = 50 (size 11)
[DEBUG] Got code = 50
[DEBUG] Normal case: found entry for code 50 = vn
[DEBUG] Inserting entry '2' as code 1568
Inserted 'vn2' as code 1568
[DEBUG] Read code = 871 (size 11)
[DEBUG] Got code = 871
[DEBUG] Normal case: found entry for code 871 = 2
[DEBUG] Inserting entry 'ny' as code 1569
Inserted '2n' as code 1569
[DEBUG] Read code = 77 (size 11)
[DEBUG] Got code = 77
[DEBUG] Normal case: found entry for code 77 = ny
[DEBUG] Inserting entry 'M' as code 1570
Inserted 'nyM' as code 1570
[DEBUG] Read code = 559 (size 11)
[DEBUG] Got code = 559
[DEBUG] Normal case: found entry for code 559 = M
[DEBUG] Inserting entry 'Br' as code 1571
Inserted 'MB' as code 1571
[DEBUG] Read code = 499 (size 11)
[DEBUG] Got code = 499
[DEBUG] Normal case: found entry for code 499 = Br
[DEBUG] Inserting entry '7R' as code 1572
Inserted 'Br7' as code 1572
[DEBUG] Read code = 382 (size 11)
[DEBUG] Got code = 382
[DEBUG] Normal case: found entry for code 382 = 7R
[DEBUG] Inserting entry 'oD' as code 1573
Inserted '7Ro' as code 1573
[DEBUG] Read code = 107 (size 11)
[DEBUG] Got code = 107
[DEBUG] Normal case: found entry for code 107 = oD
[DEBUG] Inserting entry 'k' as code 1574
Inserted 'oDk' as code 1574
[DEBUG] Read code = 47 (size 11)
[DEBUG] Got code = 47
[DEBUG] Normal case: found entry for code 47 = k
[DEBUG] Inserting entry '/' as code 1575
Inserted 'k/' as code 1575
[DEBUG] Read code = 470 (size 11)
[DEBUG] Got code = 470
[DEBUG] Normal case: found entry for code 470 = /
[DEBUG] Inserting entry 'XZ' as code 1576
Inserted '/X' as code 1576
[DEBUG] Read code = 56 (size 11)
[DEBUG] Got code = 56
[DEBUG] Normal case: found entry for code 56 = XZ
[DEBUG] Inserting entry '8' as code 1577
Inserted 'XZ8' as code 1577
[DEBUG] Read code = 76 (size 11)
[DEBUG] Got code = 76
[DEBUG] Normal case: found entry for code 76 = 8
[DEBUG] Inserting entry 'L' as code 1578
Inserted '8L' as code 1578
[DEBUG] Read code = 118 (size 11)
[DEBUG] Got code = 118
[DEBUG] Normal case: found entry for code 118 = L
[DEBUG] Inserting entry 'v' as code 1579
Inserted 'Lv' as code 1579
[DEBUG] Read code = 1071 (size 11)
[DEBUG] Got code = 1071
[DEBUG] Normal case: found entry for code 1071 = v
[DEBUG] Inserting entry 'bx' as code 1580
Inserted 'vb' as code 1580
[DEBUG] Read code = 90 (size 11)
[DEBUG] Got code = 90
[DEBUG] Normal case: found entry for code 90 = bx
[DEBUG] Inserting entry 'Z' as code 1581
Inserted 'bxZ' as code 1581
[DEBUG] Read code = 76 (size 11)
[DEBUG] Got code = 76
[DEBUG] Normal case: found entry for code 76 = Z
[DEBUG] Inserting entry 'L' as code 1582
Inserted 'ZL' as code 1582
[DEBUG] Read code = 458 (size 11)
[DEBUG] Got code = 458
[DEBUG] Normal case: found entry for code 458 = L
[DEBUG] Inserting entry 'qf' as code 1583
Inserted 'Lq' as code 1583
[DEBUG] Read code = 99 (size 11)
[DEBUG] Got code = 99
[DEBUG] Normal case: found entry for code 99 = qf
[DEBUG] Inserting entry 'c' as code 1584
Inserted 'qfc' as code 1584
[DEBUG] Read code = 118 (size 11)
[DEBUG] Got code = 118
[DEBUG] Normal case: found entry for code 118 = c
[DEBUG] Inserting entry 'v' as code 1585
Inserted 'cv' as code 1585
[DEBUG] Read code = 87 (size 11)
[DEBUG] Got code = 87
[DEBUG] Normal case: found entry for code 87 = v
[DEBUG] Inserting entry 'W' as code 1586
Inserted 'vW' as code 1586
[DEBUG] Read code = 114 (size 11)
[DEBUG] Got code = 114
[DEBUG] Normal case: found entry for code 114 = W
[DEBUG] Inserting entry 'r' as code 1587
Inserted 'Wr' as code 1587
[DEBUG] Read code = 84 (size 11)
[DEBUG] Got code = 84
[DEBUG] Normal case: found entry for code 84 = r
[DEBUG] Inserting entry 'T' as code 1588
Inserted 'rT' as code 1588
[DEBUG] Read code = 116 (size 11)
[DEBUG] Got code = 116
[DEBUG] Normal case: found entry for code 116 = T
[DEBUG] Inserting entry 't' as code 1589
Inserted 'Tt' as code 1589
[DEBUG] Read code = 48 (size 11)
[DEBUG] Got code = 48
[DEBUG] Normal case: found entry for code 48 = t
[DEBUG] Inserting entry '0' as code 1590
Inserted 't0' as code 1590
[DEBUG] Read code = 1587 (size 11)
[DEBUG] Got code = 1587
[DEBUG] Normal case: found entry for code 1587 = 0
[DEBUG] Inserting entry 'Wr' as code 1591
Inserted '0W' as code 1591
[DEBUG] Read code = 48 (size 11)
[DEBUG] Got code = 48
[DEBUG] Normal case: found entry for code 48 = Wr
[DEBUG] Inserting entry '0' as code 1592
Inserted 'Wr0' as code 1592
[DEBUG] Read code = 122 (size 11)
[DEBUG] Got code = 122
[DEBUG] Normal case: found entry for code 122 = 0
[DEBUG] Inserting entry 'z' as code 1593
Inserted '0z' as code 1593
[DEBUG] Read code = 70 (size 11)
[DEBUG] Got code = 70
[DEBUG] Normal case: found entry for code 70 = z
[DEBUG] Inserting entry 'F' as code 1594
Inserted 'zF' as code 1594
[DEBUG] Read code = 10 (size 11)
[DEBUG] Got code = 10
[DEBUG] Normal case: found entry for code 10 = F
[DEBUG] Inserting entry '
' as code 1595
Inserted 'F
' as code 1595
[DEBUG] Read code = 589 (size 11)
[DEBUG] Got code = 589
[DEBUG] Normal case: found entry for code 589 = 

[DEBUG] Inserting entry 'Iz' as code 1596
Inserted '
I' as code 1596
[DEBUG] Read code = 647 (size 11)
[DEBUG] Got code = 647
[DEBUG] Normal case: found entry for code 647 = Iz
[DEBUG] Inserting entry 'pZ' as code 1597
Inserted 'Izp' as code 1597
[DEBUG] Read code = 103 (size 11)
[DEBUG] Got code = 103
[DEBUG] Normal case: found entry for code 103 = pZ
[DEBUG] Inserting entry 'g' as code 1598
Inserted 'pZg' as code 1598
[DEBUG] Read code = 56 (size 11)
[DEBUG] Got code = 56
[DEBUG] Normal case: found entry for code 56 = g
[DEBUG] Inserting entry '8' as code 1599
Inserted 'g8' as code 1599
[DEBUG] Read code = 105 (size 11)
[DEBUG] Got code = 105
[DEBUG] Normal case: found entry for code 105 = 8
[DEBUG] Inserting entry 'i' as code 1600
Inserted '8i' as code 1600
[DEBUG] Read code = 53 (size 11)
[DEBUG] Got code = 53
[DEBUG] Normal case: found entry for code 53 = i
[DEBUG] Inserting entry '5' as code 1601
Inserted 'i5' as code 1601
[DEBUG] Read code = 695 (size 11)
[DEBUG] Got code = 695
[DEBUG] Normal case: found entry for code 695 = 5
[DEBUG] Inserting entry 'Tw' as code 1602
Inserted '5T' as code 1602
[DEBUG] Read code = 99 (size 11)
[DEBUG] Got code = 99
[DEBUG] Normal case: found entry for code 99 = Tw
[DEBUG] Inserting entry 'c' as code 1603
Inserted 'Twc' as code 1603
[DEBUG] Read code = 1212 (size 11)
[DEBUG] Got code = 1212
[DEBUG] Normal case: found entry for code 1212 = c
[DEBUG] Inserting entry 'uq' as code 1604
Inserted 'cu' as code 1604
[DEBUG] Read code = 53 (size 11)
[DEBUG] Got code = 53
[DEBUG] Normal case: found entry for code 53 = uq
[DEBUG] Inserting entry '5' as code 1605
Inserted 'uq5' as code 1605
[DEBUG] Read code = 107 (size 11)
[DEBUG] Got code = 107
[DEBUG] Normal case: found entry for code 107 = 5
[DEBUG] Inserting entry 'k' as code 1606
Inserted '5k' as code 1606
[DEBUG] Read code = 56 (size 11)
[DEBUG] Got code = 56
[DEBUG] Normal case: found entry for code 56 = k
[DEBUG] Inserting entry '8' as code 1607
Inserted 'k8' as code 1607
[DEBUG] Read code = 895 (size 11)
[DEBUG] Got code = 895
[DEBUG] Normal case: found entry for code 895 = 8
[DEBUG] Inserting entry 'u4' as code 1608
Inserted '8u' as code 1608
[DEBUG] Read code = 81 (size 11)
[DEBUG] Got code = 81
[DEBUG] Normal case: found entry for code 81 = u4
[DEBUG] Inserting entry 'Q' as code 1609
Inserted 'u4Q' as code 1609
[DEBUG] Read code = 1462 (size 11)
[DEBUG] Got code = 1462
[DEBUG] Normal case: found entry for code 1462 = Q
[DEBUG] Inserting entry '2FI' as code 1610
Inserted 'Q2' as code 1610
[DEBUG] Read code = 666 (size 11)
[DEBUG] Got code = 666
[DEBUG] Normal case: found entry for code 666 = 2FI
[DEBUG] Inserting entry 'Jb' as code 1611
Inserted '2FIJ' as code 1611
[DEBUG] Read code = 110 (size 11)
[DEBUG] Got code = 110
[DEBUG] Normal case: found entry for code 110 = Jb
[DEBUG] Inserting entry 'n' as code 1612
Inserted 'Jbn' as code 1612
[DEBUG] Read code = 98 (size 11)
[DEBUG] Got code = 98
[DEBUG] Normal case: found entry for code 98 = n
[DEBUG] Inserting entry 'b' as code 1613
Inserted 'nb' as code 1613
[DEBUG] Read code = 580 (size 11)
[DEBUG] Got code = 580
[DEBUG] Normal case: found entry for code 580 = b
[DEBUG] Inserting entry 'Ze' as code 1614
Inserted 'bZ' as code 1614
[DEBUG] Read code = 71 (size 11)
[DEBUG] Got code = 71
[DEBUG] Normal case: found entry for code 71 = Ze
[DEBUG] Inserting entry 'G' as code 1615
Inserted 'ZeG' as code 1615
[DEBUG] Read code = 70 (size 11)
[DEBUG] Got code = 70
[DEBUG] Normal case: found entry for code 70 = G
[DEBUG] Inserting entry 'F' as code 1616
Inserted 'GF' as code 1616
[DEBUG] Read code = 108 (size 11)
[DEBUG] Got code = 108
[DEBUG] Normal case: found entry for code 108 = F
[DEBUG] Inserting entry 'l' as code 1617
Inserted 'Fl' as code 1617
[DEBUG] Read code = 87 (size 11)
[DEBUG] Got code = 87
[DEBUG] Normal case: found entry for code 87 = l
[DEBUG] Inserting entry 'W' as code 1618
Inserted 'lW' as code 1618
[DEBUG] Read code = 279 (size 11)
[DEBUG] Got code = 279
[DEBUG] Normal case: found entry for code 279 = W
[DEBUG] Inserting entry 'Ws' as code 1619
Inserted 'WW' as code 1619
[DEBUG] Read code = 119 (size 11)
[DEBUG] Got code = 119
[DEBUG] Normal case: found entry for code 119 = Ws
[DEBUG] Inserting entry 'w' as code 1620
Inserted 'Wsw' as code 1620
[DEBUG] Read code = 68 (size 11)
[DEBUG] Got code = 68
[DEBUG] Normal case: found entry for code 68 = w
[DEBUG] Inserting entry 'D' as code 1621
Inserted 'wD' as code 1621
[DEBUG] Read code = 111 (size 11)
[DEBUG] Got code = 111
[DEBUG] Normal case: found entry for code 111 = D
[DEBUG] Inserting entry 'o' as code 1622
Inserted 'Do' as code 1622
[DEBUG] Read code = 77 (size 11)
[DEBUG] Got code = 77
[DEBUG] Normal case: found entry for code 77 = o
[DEBUG] Inserting entry 'M' as code 1623
Inserted 'oM' as code 1623
[DEBUG] Read code = 539 (size 11)
[DEBUG] Got code = 539
[DEBUG] Normal case: found entry for code 539 = M
[DEBUG] Inserting entry 'jj' as code 1624
Inserted 'Mj' as code 1624
[DEBUG] Read code = 53 (size 11)
[DEBUG] Got code = 53
[DEBUG] Normal case: found entry for code 53 = jj
[DEBUG] Inserting entry '5' as code 1625
Inserted 'jj5' as code 1625
[DEBUG] Read code = 118 (size 11)
[DEBUG] Got code = 118
[DEBUG] Normal case: found entry for code 118 = 5
[DEBUG] Inserting entry 'v' as code 1626
Inserted '5v' as code 1626
[DEBUG] Read code = 1563 (size 11)
[DEBUG] Got code = 1563
[DEBUG] Normal case: found entry for code 1563 = v
[DEBUG] Inserting entry 'u6' as code 1627
Inserted 'vu' as code 1627
[DEBUG] Read code = 90 (size 11)
[DEBUG] Got code = 90
[DEBUG] Normal case: found entry for code 90 = u6
[DEBUG] Inserting entry 'Z' as code 1628
Inserted 'u6Z' as code 1628
[DEBUG] Read code = 108 (size 11)
[DEBUG] Got code = 108
[DEBUG] Normal case: found entry for code 108 = Z
[DEBUG] Inserting entry 'l' as code 1629
Inserted 'Zl' as code 1629
[DEBUG] Read code = 418 (size 11)
[DEBUG] Got code = 418
[DEBUG] Normal case: found entry for code 418 = l
[DEBUG] Inserting entry '5j' as code 1630
Inserted 'l5' as code 1630
[DEBUG] Read code = 1116 (size 11)
[DEBUG] Got code = 1116
[DEBUG] Normal case: found entry for code 1116 = 5j
[DEBUG] Inserting entry 'IY' as code 1631
Inserted '5jI' as code 1631
[DEBUG] Read code = 366 (size 11)
[DEBUG] Got code = 366
[DEBUG] Normal case: found entry for code 366 = IY
[DEBUG] Inserting entry 'yC' as code 1632
Inserted 'IYy' as code 1632
[DEBUG] Read code = 71 (size 11)
[DEBUG] Got code = 71
[DEBUG] Normal case: found entry for code 71 = yC
[DEBUG] Inserting entry 'G' as code 1633
Inserted 'yCG' as code 1633
[DEBUG] Read code = 121 (size 11)
[DEBUG] Got code = 121
[DEBUG] Normal case: found entry for code 121 = G
[DEBUG] Inserting entry 'y' as code 1634
Inserted 'Gy' as code 1634
[DEBUG] Read code = 1070 (size 11)
[DEBUG] Got code = 1070
[DEBUG] Normal case: found entry for code 1070 = y
[DEBUG] Inserting entry 'Eb' as code 1635
Inserted 'yE' as code 1635
[DEBUG] Read code = 57 (size 11)
[DEBUG] Got code = 57
[DEBUG] Normal case: found entry for code 57 = Eb
[DEBUG] Inserting entry '9' as code 1636
Inserted 'Eb9' as code 1636
[DEBUG] Read code = 79 (size 11)
[DEBUG] Got code = 79
[DEBUG] Normal case: found entry for code 79 = 9
[DEBUG] Inserting entry 'O' as code 1637
Inserted '9O' as code 1637
[DEBUG] Read code = 694 (size 11)
[DEBUG] Got code = 694
[DEBUG] Normal case: found entry for code 694 = O
[DEBUG] Inserting entry 'bT' as code 1638
Inserted 'Ob' as code 1638
[DEBUG] Read code = 67 (size 11)
[DEBUG] Got code = 67
[DEBUG] Normal case: found entry for code 67 = bT
[DEBUG] Inserting entry 'C' as code 1639
Inserted 'bTC' as code 1639
[DEBUG] Read code = 66 (size 11)
[DEBUG] Got code = 66
[DEBUG] Normal case: found entry for code 66 = C
[DEBUG] Inserting entry 'B' as code 1640
Inserted 'CB' as code 1640
[DEBUG] Read code = 75 (size 11)
[DEBUG] Got code = 75
[DEBUG] Normal case: found entry for code 75 = B
[DEBUG] Inserting entry 'K' as code 1641
Inserted 'BK' as code 1641
[DEBUG] Read code = 106 (size 11)
[DEBUG] Got code = 106
[DEBUG] Normal case: found entry for code 106 = K
[DEBUG] Inserting entry 'j' as code 1642
Inserted 'Kj' as code 1642
[DEBUG] Read code = 77 (size 11)
[DEBUG] Got code = 77
[DEBUG] Normal case: found entry for code 77 = j
[DEBUG] Inserting entry 'M' as code 1643
Inserted 'jM' as code 1643
[DEBUG] Read code = 101 (size 11)
[DEBUG] Got code = 101
[DEBUG] Normal case: found entry for code 101 = M
[DEBUG] Inserting entry 'e' as code 1644
Inserted 'Me' as code 1644
[DEBUG] Read code = 116 (size 11)
[DEBUG] Got code = 116
[DEBUG] Normal case: found entry for code 116 = e
[DEBUG] Inserting entry 't' as code 1645
Inserted 'et' as code 1645
[DEBUG] Read code = 70 (size 11)
[DEBUG] Got code = 70
[DEBUG] Normal case: found entry for code 70 = t
[DEBUG] Inserting entry 'F' as code 1646
Inserted 'tF' as code 1646
[DEBUG] Read code = 106 (size 11)
[DEBUG] Got code = 106
[DEBUG] Normal case: found entry for code 106 = F
[DEBUG] Inserting entry 'j' as code 1647
Inserted 'Fj' as code 1647
[DEBUG] Read code = 113 (size 11)
[DEBUG] Got code = 113
[DEBUG] Normal case: found entry for code 113 = j
[DEBUG] Inserting entry 'q' as code 1648
Inserted 'jq' as code 1648
[DEBUG] Read code = 732 (size 11)
[DEBUG] Got code = 732
[DEBUG] Normal case: found entry for code 732 = q
[DEBUG] Inserting entry 'uS' as code 1649
Inserted 'qu' as code 1649
[DEBUG] Read code = 932 (size 11)
[DEBUG] Got code = 932
[DEBUG] Normal case: found entry for code 932 = uS
[DEBUG] Inserting entry '3n' as code 1650
Inserted 'uS3' as code 1650
[DEBUG] Read code = 338 (size 11)
[DEBUG] Got code = 338
[DEBUG] Normal case: found entry for code 338 = 3n
[DEBUG] Inserting entry 'lO' as code 1651
Inserted '3nl' as code 1651
[DEBUG] Read code = 98 (size 11)
[DEBUG] Got code = 98
[DEBUG] Normal case: found entry for code 98 = lO
[DEBUG] Inserting entry 'b' as code 1652
Inserted 'lOb' as code 1652
[DEBUG] Read code = 10 (size 11)
[DEBUG] Got code = 10
[DEBUG] Normal case: found entry for code 10 = b
[DEBUG] Inserting entry '
' as code 1653
Inserted 'b
' as code 1653
[DEBUG] Read code = 76 (size 11)
[DEBUG] Got code = 76
[DEBUG] Normal case: found entry for code 76 = 

[DEBUG] Inserting entry 'L' as code 1654
Inserted '
L' as code 1654
[DEBUG] Read code = 55 (size 11)
[DEBUG] Got code = 55
[DEBUG] Normal case: found entry for code 55 = L
[DEBUG] Inserting entry '7' as code 1655
Inserted 'L7' as code 1655
[DEBUG] Read code = 1452 (size 11)
[DEBUG] Got code = 1452
[DEBUG] Normal case: found entry for code 1452 = 7
[DEBUG] Inserting entry 'IS' as code 1656
Inserted '7I' as code 1656
[DEBUG] Read code = 90 (size 11)
[DEBUG] Got code = 90
[DEBUG] Normal case: found entry for code 90 = IS
[DEBUG] Inserting entry 'Z' as code 1657
Inserted 'ISZ' as code 1657
[DEBUG] Read code = 763 (size 11)
[DEBUG] Got code = 763
[DEBUG] Normal case: found entry for code 763 = Z
[DEBUG] Inserting entry '0E' as code 1658
Inserted 'Z0' as code 1658
[DEBUG] Read code = 548 (size 11)
[DEBUG] Got code = 548
[DEBUG] Normal case: found entry for code 548 = 0E
[DEBUG] Inserting entry 'qM' as code 1659
Inserted '0Eq' as code 1659
[DEBUG] Read code = 47 (size 11)
[DEBUG] Got code = 47
[DEBUG] Normal case: found entry for code 47 = qM
[DEBUG] Inserting entry '/' as code 1660
Inserted 'qM/' as code 1660
[DEBUG] Read code = 120 (size 11)
[DEBUG] Got code = 120
[DEBUG] Normal case: found entry for code 120 = /
[DEBUG] Inserting entry 'x' as code 1661
Inserted '/x' as code 1661
[DEBUG] Read code = 116 (size 11)
[DEBUG] Got code = 116
[DEBUG] Normal case: found entry for code 116 = x
[DEBUG] Inserting entry 't' as code 1662
Inserted 'xt' as code 1662
[DEBUG] Read code = 113 (size 11)
[DEBUG] Got code = 113
[DEBUG] Normal case: found entry for code 113 = t
[DEBUG] Inserting entry 'q' as code 1663
Inserted 'tq' as code 1663
[DEBUG] Read code = 85 (size 11)
[DEBUG] Got code = 85
[DEBUG] Normal case: found entry for code 85 = q
[DEBUG] Inserting entry 'U' as code 1664
Inserted 'qU' as code 1664
[DEBUG] Read code = 1509 (size 11)
[DEBUG] Got code = 1509
[DEBUG] Normal case: found entry for code 1509 = U
[DEBUG] Inserting entry 'xJ' as code 1665
Inserted 'Ux' as code 1665
[DEBUG] Read code = 1210 (size 11)
[DEBUG] Got code = 1210
[DEBUG] Normal case: found entry for code 1210 = xJ
[DEBUG] Inserting entry 'PJ2' as code 1666
Inserted 'xJP' as code 1666
[DEBUG] Read code = 116 (size 11)
[DEBUG] Got code = 116
[DEBUG] Normal case: found entry for code 116 = PJ2
[DEBUG] Inserting entry 't' as code 1667
Inserted 'PJ2t' as code 1667
[DEBUG] Read code = 67 (size 11)
[DEBUG] Got code = 67
[DEBUG] Normal case: found entry for code 67 = t
[DEBUG] Inserting entry 'C' as code 1668
Inserted 'tC' as code 1668
[DEBUG] Read code = 98 (size 11)
[DEBUG] Got code = 98
[DEBUG] Normal case: found entry for code 98 = C
[DEBUG] Inserting entry 'b' as code 1669
Inserted 'Cb' as code 1669
[DEBUG] Read code = 76 (size 11)
[DEBUG] Got code = 76
[DEBUG] Normal case: found entry for code 76 = b
[DEBUG] Inserting entry 'L' as code 1670
Inserted 'bL' as code 1670
[DEBUG] Read code = 68 (size 11)
[DEBUG] Got code = 68
[DEBUG] Normal case: found entry for code 68 = L
[DEBUG] Inserting entry 'D' as code 1671
Inserted 'LD' as code 1671
[DEBUG] Read code = 961 (size 11)
[DEBUG] Got code = 961
[DEBUG] Normal case: found entry for code 961 = D
[DEBUG] Inserting entry 'GX' as code 1672
Inserted 'DG' as code 1672
[DEBUG] Read code = 76 (size 11)
[DEBUG] Got code = 76
[DEBUG] Normal case: found entry for code 76 = GX
[DEBUG] Inserting entry 'L' as code 1673
Inserted 'GXL' as code 1673
[DEBUG] Read code = 73 (size 11)
[DEBUG] Got code = 73
[DEBUG] Normal case: found entry for code 73 = L
[DEBUG] Inserting entry 'I' as code 1674
Inserted 'LI' as code 1674
[DEBUG] Read code = 105 (size 11)
[DEBUG] Got code = 105
[DEBUG] Normal case: found entry for code 105 = I
[DEBUG] Inserting entry 'i' as code 1675
Inserted 'Ii' as code 1675
[DEBUG] Read code = 1550 (size 11)
[DEBUG] Got code = 1550
[DEBUG] Normal case: found entry for code 1550 = i
[DEBUG] Inserting entry 'pr4t' as code 1676
Inserted 'ip' as code 1676
[DEBUG] Read code = 69 (size 11)
[DEBUG] Got code = 69
[DEBUG] Normal case: found entry for code 69 = pr4t
[DEBUG] Inserting entry 'E' as code 1677
Inserted 'pr4tE' as code 1677
[DEBUG] Read code = 320 (size 11)
[DEBUG] Got code = 320
[DEBUG] Normal case: found entry for code 320 = E
[DEBUG] Inserting entry 'tK' as code 1678
Inserted 'Et' as code 1678
[DEBUG] Read code = 84 (size 11)
[DEBUG] Got code = 84
[DEBUG] Normal case: found entry for code 84 = tK
[DEBUG] Inserting entry 'T' as code 1679
Inserted 'tKT' as code 1679
[DEBUG] Read code = 111 (size 11)
[DEBUG] Got code = 111
[DEBUG] Normal case: found entry for code 111 = T
[DEBUG] Inserting entry 'o' as code 1680
Inserted 'To' as code 1680
[DEBUG] Read code = 99 (size 11)
[DEBUG] Got code = 99
[DEBUG] Normal case: found entry for code 99 = o
[DEBUG] Inserting entry 'c' as code 1681
Inserted 'oc' as code 1681
[DEBUG] Read code = 121 (size 11)
[DEBUG] Got code = 121
[DEBUG] Normal case: found entry for code 121 = c
[DEBUG] Inserting entry 'y' as code 1682
Inserted 'cy' as code 1682
[DEBUG] Read code = 78 (size 11)
[DEBUG] Got code = 78
[DEBUG] Normal case: found entry for code 78 = y
[DEBUG] Inserting entry 'N' as code 1683
Inserted 'yN' as code 1683
[DEBUG] Read code = 50 (size 11)
[DEBUG] Got code = 50
[DEBUG] Normal case: found entry for code 50 = N
[DEBUG] Inserting entry '2' as code 1684
Inserted 'N2' as code 1684
[DEBUG] Read code = 88 (size 11)
[DEBUG] Got code = 88
[DEBUG] Normal case: found entry for code 88 = 2
[DEBUG] Inserting entry 'X' as code 1685
Inserted '2X' as code 1685
[DEBUG] Read code = 103 (size 11)
[DEBUG] Got code = 103
[DEBUG] Normal case: found entry for code 103 = X
[DEBUG] Inserting entry 'g' as code 1686
Inserted 'Xg' as code 1686
[DEBUG] Read code = 53 (size 11)
[DEBUG] Got code = 53
[DEBUG] Normal case: found entry for code 53 = g
[DEBUG] Inserting entry '5' as code 1687
Inserted 'g5' as code 1687
[DEBUG] Read code = 89 (size 11)
[DEBUG] Got code = 89
[DEBUG] Normal case: found entry for code 89 = 5
[DEBUG] Inserting entry 'Y' as code 1688
Inserted '5Y' as code 1688
[DEBUG] Read code = 692 (size 11)
[DEBUG] Got code = 692
[DEBUG] Normal case: found entry for code 692 = Y
[DEBUG] Inserting entry '0v' as code 1689
Inserted 'Y0' as code 1689
[DEBUG] Read code = 72 (size 11)
[DEBUG] Got code = 72
[DEBUG] Normal case: found entry for code 72 = 0v
[DEBUG] Inserting entry 'H' as code 1690
Inserted '0vH' as code 1690
[DEBUG] Read code = 606 (size 11)
[DEBUG] Got code = 606
[DEBUG] Normal case: found entry for code 606 = H
[DEBUG] Inserting entry 'qr' as code 1691
Inserted 'Hq' as code 1691
[DEBUG] Read code = 87 (size 11)
[DEBUG] Got code = 87
[DEBUG] Normal case: found entry for code 87 = qr
[DEBUG] Inserting entry 'W' as code 1692
Inserted 'qrW' as code 1692
[DEBUG] Read code = 108 (size 11)
[DEBUG] Got code = 108
[DEBUG] Normal case: found entry for code 108 = W
[DEBUG] Inserting entry 'l' as code 1693
Inserted 'Wl' as code 1693
[DEBUG] Read code = 686 (size 11)
[DEBUG] Got code = 686
[DEBUG] Normal case: found entry for code 686 = l
[DEBUG] Inserting entry 'k7' as code 1694
Inserted 'lk' as code 1694
[DEBUG] Read code = 47 (size 11)
[DEBUG] Got code = 47
[DEBUG] Normal case: found entry for code 47 = k7
[DEBUG] Inserting entry '/' as code 1695
Inserted 'k7/' as code 1695
[DEBUG] Read code = 80 (size 11)
[DEBUG] Got code = 80
[DEBUG] Normal case: found entry for code 80 = /
[DEBUG] Inserting entry 'P' as code 1696
Inserted '/P' as code 1696
[DEBUG] Read code = 43 (size 11)
[DEBUG] Got code = 43
[DEBUG] Normal case: found entry for code 43 = P
[DEBUG] Inserting entry '+' as code 1697
Inserted 'P+' as code 1697
[DEBUG] Read code = 100 (size 11)
[DEBUG] Got code = 100
[DEBUG] Normal case: found entry for code 100 = +
[DEBUG] Inserting entry 'd' as code 1698
Inserted '+d' as code 1698
[DEBUG] Read code = 891 (size 11)
[DEBUG] Got code = 891
[DEBUG] Normal case: found entry for code 891 = d
[DEBUG] Inserting entry '0f' as code 1699
Inserted 'd0' as code 1699
[DEBUG] Read code = 360 (size 11)
[DEBUG] Got code = 360
[DEBUG] Normal case: found entry for code 360 = 0f
[DEBUG] Inserting entry 'hP' as code 1700
Inserted '0fh' as code 1700
[DEBUG] Read code = 78 (size 11)
[DEBUG] Got code = 78
[DEBUG] Normal case: found entry for code 78 = hP
[DEBUG] Inserting entry 'N' as code 1701
Inserted 'hPN' as code 1701
[DEBUG] Read code = 86 (size 11)
[DEBUG] Got code = 86
[DEBUG] Normal case: found entry for code 86 = N
[DEBUG] Inserting entry 'V' as code 1702
Inserted 'NV' as code 1702
[DEBUG] Read code = 70 (size 11)
[DEBUG] Got code = 70
[DEBUG] Normal case: found entry for code 70 = V
[DEBUG] Inserting entry 'F' as code 1703
Inserted 'VF' as code 1703
[DEBUG] Read code = 746 (size 11)
[DEBUG] Got code = 746
[DEBUG] Normal case: found entry for code 746 = F
[DEBUG] Inserting entry 'Ez' as code 1704
Inserted 'FE' as code 1704
[DEBUG] Read code = 47 (size 11)
[DEBUG] Got code = 47
[DEBUG] Normal case: found entry for code 47 = Ez
[DEBUG] Inserting entry '/' as code 1705
Inserted 'Ez/' as code 1705
[DEBUG] Read code = 1677 (size 11)
[DEBUG] Got code = 1677
[DEBUG] Normal case: found entry for code 1677 = /
[DEBUG] Inserting entry 'pr4tE' as code 1706
Inserted '/p' as code 1706
[DEBUG] Read code = 49 (size 11)
[DEBUG] Got code = 49
[DEBUG] Normal case: found entry for code 49 = pr4tE
[DEBUG] Inserting entry '1' as code 1707
Inserted 'pr4tE1' as code 1707
[DEBUG] Read code = 84 (size 11)
[DEBUG] Got code = 84
[DEBUG] Normal case: found entry for code 84 = 1
[DEBUG] Inserting entry 'T' as code 1708
Inserted '1T' as code 1708
[DEBUG] Read code = 1420 (size 11)
[DEBUG] Got code = 1420
[DEBUG] Normal case: found entry for code 1420 = T
[DEBUG] Inserting entry 'HPi' as code 1709
Inserted 'TH' as code 1709
[DEBUG] Read code = 103 (size 11)
[DEBUG] Got code = 103
[DEBUG] Normal case: found entry for code 103 = HPi
[DEBUG] Inserting entry 'g' as code 1710
Inserted 'HPig' as code 1710
[DEBUG] Read code = 513 (size 11)
[DEBUG] Got code = 513
[DEBUG] Normal case: found entry for code 513 = g
[DEBUG] Inserting entry 'jL' as code 1711
Inserted 'gj' as code 1711
[DEBUG] Read code = 105 (size 11)
[DEBUG] Got code = 105
[DEBUG] Normal case: found entry for code 105 = jL
[DEBUG] Inserting entry 'i' as code 1712
Inserted 'jLi' as code 1712
[DEBUG] Read code = 10 (size 11)
[DEBUG] Got code = 10
[DEBUG] Normal case: found entry for code 10 = i
[DEBUG] Inserting entry '
' as code 1713
Inserted 'i
' as code 1713
[DEBUG] Read code = 107 (size 11)
[DEBUG] Got code = 107
[DEBUG] Normal case: found entry for code 107 = 

[DEBUG] Inserting entry 'k' as code 1714
Inserted '
k' as code 1714
[DEBUG] Read code = 104 (size 11)
[DEBUG] Got code = 104
[DEBUG] Normal case: found entry for code 104 = k
[DEBUG] Inserting entry 'h' as code 1715
Inserted 'kh' as code 1715
[DEBUG] Read code = 49 (size 11)
[DEBUG] Got code = 49
[DEBUG] Normal case: found entry for code 49 = h
[DEBUG] Inserting entry '1' as code 1716
Inserted 'h1' as code 1716
[DEBUG] Read code = 83 (size 11)
[DEBUG] Got code = 83
[DEBUG] Normal case: found entry for code 83 = 1
[DEBUG] Inserting entry 'S' as code 1717
Inserted '1S' as code 1717
[DEBUG] Read code = 86 (size 11)
[DEBUG] Got code = 86
[DEBUG] Normal case: found entry for code 86 = S
[DEBUG] Inserting entry 'V' as code 1718
Inserted 'SV' as code 1718
[DEBUG] Read code = 89 (size 11)
[DEBUG] Got code = 89
[DEBUG] Normal case: found entry for code 89 = V
[DEBUG] Inserting entry 'Y' as code 1719
Inserted 'VY' as code 1719
[DEBUG] Read code = 109 (size 11)
[DEBUG] Got code = 109
[DEBUG] Normal case: found entry for code 109 = Y
[DEBUG] Inserting entry 'm' as code 1720
Inserted 'Ym' as code 1720
[DEBUG] Read code = 264 (size 11)
[DEBUG] Got code = 264
[DEBUG] Normal case: found entry for code 264 = m
[DEBUG] Inserting entry 'iF' as code 1721
Inserted 'mi' as code 1721
[DEBUG] Read code = 500 (size 11)
[DEBUG] Got code = 500
[DEBUG] Normal case: found entry for code 500 = iF
[DEBUG] Inserting entry 'R/' as code 1722
Inserted 'iFR' as code 1722
[DEBUG] Read code = 89 (size 11)
[DEBUG] Got code = 89
[DEBUG] Normal case: found entry for code 89 = R/
[DEBUG] Inserting entry 'Y' as code 1723
Inserted 'R/Y' as code 1723
[DEBUG] Read code = 43 (size 11)
[DEBUG] Got code = 43
[DEBUG] Normal case: found entry for code 43 = Y
[DEBUG] Inserting entry '+' as code 1724
Inserted 'Y+' as code 1724
[DEBUG] Read code = 107 (size 11)
[DEBUG] Got code = 107
[DEBUG] Normal case: found entry for code 107 = +
[DEBUG] Inserting entry 'k' as code 1725
Inserted '+k' as code 1725
[DEBUG] Read code = 116 (size 11)
[DEBUG] Got code = 116
[DEBUG] Normal case: found entry for code 116 = k
[DEBUG] Inserting entry 't' as code 1726
Inserted 'kt' as code 1726
[DEBUG] Read code = 1014 (size 11)
[DEBUG] Got code = 1014
[DEBUG] Normal case: found entry for code 1014 = t
[DEBUG] Inserting entry '3V' as code 1727
Inserted 't3' as code 1727
[DEBUG] Read code = 105 (size 11)
[DEBUG] Got code = 105
[DEBUG] Normal case: found entry for code 105 = 3V
[DEBUG] Inserting entry 'i' as code 1728
Inserted '3Vi' as code 1728
[DEBUG] Read code = 100 (size 11)
[DEBUG] Got code = 100
[DEBUG] Normal case: found entry for code 100 = i
[DEBUG] Inserting entry 'd' as code 1729
Inserted 'id' as code 1729
[DEBUG] Read code = 85 (size 11)
[DEBUG] Got code = 85
[DEBUG] Normal case: found entry for code 85 = d
[DEBUG] Inserting entry 'U' as code 1730
Inserted 'dU' as code 1730
[DEBUG] Read code = 104 (size 11)
[DEBUG] Got code = 104
[DEBUG] Normal case: found entry for code 104 = U
[DEBUG] Inserting entry 'h' as code 1731
Inserted 'Uh' as code 1731
[DEBUG] Read code = 553 (size 11)
[DEBUG] Got code = 553
[DEBUG] Normal case: found entry for code 553 = h
[DEBUG] Inserting entry '57' as code 1732
Inserted 'h5' as code 1732
[DEBUG] Read code = 55 (size 11)
[DEBUG] Got code = 55
[DEBUG] Normal case: found entry for code 55 = 57
[DEBUG] Inserting entry '7' as code 1733
Inserted '577' as code 1733
[DEBUG] Read code = 80 (size 11)
[DEBUG] Got code = 80
[DEBUG] Normal case: found entry for code 80 = 7
[DEBUG] Inserting entry 'P' as code 1734
Inserted '7P' as code 1734
[DEBUG] Read code = 83 (size 11)
[DEBUG] Got code = 83
[DEBUG] Normal case: found entry for code 83 = P
[DEBUG] Inserting entry 'S' as code 1735
Inserted 'PS' as code 1735
[DEBUG] Read code = 70 (size 11)
[DEBUG] Got code = 70
[DEBUG] Normal case: found entry for code 70 = S
[DEBUG] Inserting entry 'F' as code 1736
Inserted 'SF' as code 1736
[DEBUG] Read code = 73 (size 11)
[DEBUG] Got code = 73
[DEBUG] Normal case: found entry for code 73 = F
[DEBUG] Inserting entry 'I' as code 1737
Inserted 'FI' as code 1737
[DEBUG] Read code = 110 (size 11)
[DEBUG] Got code = 110
[DEBUG] Normal case: found entry for code 110 = I
[DEBUG] Inserting entry 'n' as code 1738
Inserted 'In' as code 1738
[DEBUG] Read code = 81 (size 11)
[DEBUG] Got code = 81
[DEBUG] Normal case: found entry for code 81 = n
[DEBUG] Inserting entry 'Q' as code 1739
Inserted 'nQ' as code 1739
[DEBUG] Read code = 104 (size 11)
[DEBUG] Got code = 104
[DEBUG] Normal case: found entry for code 104 = Q
[DEBUG] Inserting entry 'h' as code 1740
Inserted 'Qh' as code 1740
[DEBUG] Read code = 449 (size 11)
[DEBUG] Got code = 449
[DEBUG] Normal case: found entry for code 449 = h
[DEBUG] Inserting entry 'S9' as code 1741
Inserted 'hS' as code 1741
[DEBUG] Read code = 855 (size 11)
[DEBUG] Got code = 855
[DEBUG] Normal case: found entry for code 855 = S9
[DEBUG] Inserting entry 'YR' as code 1742
Inserted 'S9Y' as code 1742
[DEBUG] Read code = 1524 (size 11)
[DEBUG] Got code = 1524
[DEBUG] Normal case: found entry for code 1524 = YR
[DEBUG] Inserting entry 'VwY' as code 1743
Inserted 'YRV' as code 1743
[DEBUG] Read code = 622 (size 11)
[DEBUG] Got code = 622
[DEBUG] Normal case: found entry for code 622 = VwY
[DEBUG] Inserting entry 'xB' as code 1744
Inserted 'VwYx' as code 1744
[DEBUG] Read code = 122 (size 11)
[DEBUG] Got code = 122
[DEBUG] Normal case: found entry for code 122 = xB
[DEBUG] Inserting entry 'z' as code 1745
Inserted 'xBz' as code 1745
[DEBUG] Read code = 53 (size 11)
[DEBUG] Got code = 53
[DEBUG] Normal case: found entry for code 53 = z
[DEBUG] Inserting entry '5' as code 1746
Inserted 'z5' as code 1746
[DEBUG] Read code = 113 (size 11)
[DEBUG] Got code = 113
[DEBUG] Normal case: found entry for code 113 = 5
[DEBUG] Inserting entry 'q' as code 1747
Inserted '5q' as code 1747
[DEBUG] Read code = 411 (size 11)
[DEBUG] Got code = 411
[DEBUG] Normal case: found entry for code 411 = q
[DEBUG] Inserting entry 'gP' as code 1748
Inserted 'qg' as code 1748
[DEBUG] Read code = 114 (size 11)
[DEBUG] Got code = 114
[DEBUG] Normal case: found entry for code 114 = gP
[DEBUG] Inserting entry 'r' as code 1749
Inserted 'gPr' as code 1749
[DEBUG] Read code = 848 (size 11)
[DEBUG] Got code = 848
[DEBUG] Normal case: found entry for code 848 = r
[DEBUG] Inserting entry 'xx' as code 1750
Inserted 'rx' as code 1750
[DEBUG] Read code = 56 (size 11)
[DEBUG] Got code = 56
[DEBUG] Normal case: found entry for code 56 = xx
[DEBUG] Inserting entry '8' as code 1751
Inserted 'xx8' as code 1751
[DEBUG] Read code = 1050 (size 11)
[DEBUG] Got code = 1050
[DEBUG] Normal case: found entry for code 1050 = 8
[DEBUG] Inserting entry 'VxW' as code 1752
Inserted '8V' as code 1752
[DEBUG] Read code = 66 (size 11)
[DEBUG] Got code = 66
[DEBUG] Normal case: found entry for code 66 = VxW
[DEBUG] Inserting entry 'B' as code 1753
Inserted 'VxWB' as code 1753
[DEBUG] Read code = 109 (size 11)
[DEBUG] Got code = 109
[DEBUG] Normal case: found entry for code 109 = B
[DEBUG] Inserting entry 'm' as code 1754
Inserted 'Bm' as code 1754
[DEBUG] Read code = 1435 (size 11)
[DEBUG] Got code = 1435
[DEBUG] Normal case: found entry for code 1435 = m
[DEBUG] Inserting entry 'x7Z' as code 1755
Inserted 'mx' as code 1755
[DEBUG] Read code = 1445 (size 11)
[DEBUG] Got code = 1445
[DEBUG] Normal case: found entry for code 1445 = x7Z
[DEBUG] Inserting entry 'JE' as code 1756
Inserted 'x7ZJ' as code 1756
[DEBUG] Read code = 996 (size 11)
[DEBUG] Got code = 996
[DEBUG] Normal case: found entry for code 996 = JE
[DEBUG] Inserting entry 'KU' as code 1757
Inserted 'JEK' as code 1757
[DEBUG] Read code = 1751 (size 11)
[DEBUG] Got code = 1751
[DEBUG] Normal case: found entry for code 1751 = KU
[DEBUG] Inserting entry 'xx8' as code 1758
Inserted 'KUx' as code 1758
[DEBUG] Read code = 74 (size 11)
[DEBUG] Got code = 74
[DEBUG] Normal case: found entry for code 74 = xx8
[DEBUG] Inserting entry 'J' as code 1759
Inserted 'xx8J' as code 1759
[DEBUG] Read code = 50 (size 11)
[DEBUG] Got code = 50
[DEBUG] Normal case: found entry for code 50 = J
[DEBUG] Inserting entry '2' as code 1760
Inserted 'J2' as code 1760
[DEBUG] Read code = 379 (size 11)
[DEBUG] Got code = 379
[DEBUG] Normal case: found entry for code 379 = 2
[DEBUG] Inserting entry 'eW' as code 1761
Inserted '2e' as code 1761
[DEBUG] Read code = 1484 (size 11)
[DEBUG] Got code = 1484
[DEBUG] Normal case: found entry for code 1484 = eW
[DEBUG] Inserting entry 'Ya' as code 1762
Inserted 'eWY' as code 1762
[DEBUG] Read code = 77 (size 11)
[DEBUG] Got code = 77
[DEBUG] Normal case: found entry for code 77 = Ya
[DEBUG] Inserting entry 'M' as code 1763
Inserted 'YaM' as code 1763
[DEBUG] Read code = 115 (size 11)
[DEBUG] Got code = 115
[DEBUG] Normal case: found entry for code 115 = M
[DEBUG] Inserting entry 's' as code 1764
Inserted 'Ms' as code 1764
[DEBUG] Read code = 108 (size 11)
[DEBUG] Got code = 108
[DEBUG] Normal case: found entry for code 108 = s
[DEBUG] Inserting entry 'l' as code 1765
Inserted 'sl' as code 1765
[DEBUG] Read code = 82 (size 11)
[DEBUG] Got code = 82
[DEBUG] Normal case: found entry for code 82 = l
[DEBUG] Inserting entry 'R' as code 1766
Inserted 'lR' as code 1766
[DEBUG] Read code = 514 (size 11)
[DEBUG] Got code = 514
[DEBUG] Normal case: found entry for code 514 = R
[DEBUG] Inserting entry 'Lb' as code 1767
Inserted 'RL' as code 1767
[DEBUG] Read code = 110 (size 11)
[DEBUG] Got code = 110
[DEBUG] Normal case: found entry for code 110 = Lb
[DEBUG] Inserting entry 'n' as code 1768
Inserted 'Lbn' as code 1768
[DEBUG] Read code = 107 (size 11)
[DEBUG] Got code = 107
[DEBUG] Normal case: found entry for code 107 = n
[DEBUG] Inserting entry 'k' as code 1769
Inserted 'nk' as code 1769
[DEBUG] Read code = 114 (size 11)
[DEBUG] Got code = 114
[DEBUG] Normal case: found entry for code 114 = k
[DEBUG] Inserting entry 'r' as code 1770
Inserted 'kr' as code 1770
[DEBUG] Read code = 1594 (size 11)
[DEBUG] Got code = 1594
[DEBUG] Normal case: found entry for code 1594 = r
[DEBUG] Inserting entry 'zF' as code 1771
Inserted 'rz' as code 1771
[DEBUG] Read code = 1043 (size 11)
[DEBUG] Got code = 1043
[DEBUG] Normal case: found entry for code 1043 = zF
[DEBUG] Inserting entry 'r9' as code 1772
Inserted 'zFr' as code 1772
[DEBUG] Read code = 800 (size 11)
[DEBUG] Got code = 800
[DEBUG] Normal case: found entry for code 800 = r9
[DEBUG] Inserting entry 'Zp' as code 1773
Inserted 'r9Z' as code 1773
[DEBUG] Read code = 77 (size 11)
[DEBUG] Got code = 77
[DEBUG] Normal case: found entry for code 77 = Zp
[DEBUG] Inserting entry 'M' as code 1774
Inserted 'ZpM' as code 1774
[DEBUG] Read code = 100 (size 11)
[DEBUG] Got code = 100
[DEBUG] Normal case: found entry for code 100 = M
[DEBUG] Inserting entry 'd' as code 1775
Inserted 'Md' as code 1775
[DEBUG] Read code = 75 (size 11)
[DEBUG] Got code = 75
[DEBUG] Normal case: found entry for code 75 = d
[DEBUG] Inserting entry 'K' as code 1776
Inserted 'dK' as code 1776
[DEBUG] Read code = 67 (size 11)
[DEBUG] Got code = 67
[DEBUG] Normal case: found entry for code 67 = K
[DEBUG] Inserting entry 'C' as code 1777
Inserted 'KC' as code 1777
[DEBUG] Read code = 56 (size 11)
[DEBUG] Got code = 56
[DEBUG] Normal case: found entry for code 56 = C
[DEBUG] Inserting entry '8' as code 1778
Inserted 'C8' as code 1778
[DEBUG] Read code = 119 (size 11)
[DEBUG] Got code = 119
[DEBUG] Normal case: found entry for code 119 = 8
[DEBUG] Inserting entry 'w' as code 1779
Inserted '8w' as code 1779
[DEBUG] Read code = 101 (size 11)
[DEBUG] Got code = 101
[DEBUG] Normal case: found entry for code 101 = w
[DEBUG] Inserting entry 'e' as code 1780
Inserted 'we' as code 1780
[DEBUG] Read code = 57 (size 11)
[DEBUG] Got code = 57
[DEBUG] Normal case: found entry for code 57 = e
[DEBUG] Inserting entry '9' as code 1781
Inserted 'e9' as code 1781
[DEBUG] Read code = 86 (size 11)
[DEBUG] Got code = 86
[DEBUG] Normal case: found entry for code 86 = 9
[DEBUG] Inserting entry 'V' as code 1782
Inserted '9V' as code 1782
[DEBUG] Read code = 82 (size 11)
[DEBUG] Got code = 82
[DEBUG] Normal case: found entry for code 82 = V
[DEBUG] Inserting entry 'R' as code 1783
Inserted 'VR' as code 1783
[DEBUG] Read code = 1167 (size 11)
[DEBUG] Got code = 1167
[DEBUG] Normal case: found entry for code 1167 = R
[DEBUG] Inserting entry 'qH' as code 1784
Inserted 'Rq' as code 1784
[DEBUG] Read code = 97 (size 11)
[DEBUG] Got code = 97
[DEBUG] Normal case: found entry for code 97 = qH
[DEBUG] Inserting entry 'a' as code 1785
Inserted 'qHa' as code 1785
[DEBUG] Read code = 43 (size 11)
[DEBUG] Got code = 43
[DEBUG] Normal case: found entry for code 43 = a
[DEBUG] Inserting entry '+' as code 1786
Inserted 'a+' as code 1786
[DEBUG] Read code = 693 (size 11)
[DEBUG] Got code = 693
[DEBUG] Normal case: found entry for code 693 = +
[DEBUG] Inserting entry 'vb' as code 1787
Inserted '+v' as code 1787
[DEBUG] Read code = 87 (size 11)
[DEBUG] Got code = 87
[DEBUG] Normal case: found entry for code 87 = vb
[DEBUG] Inserting entry 'W' as code 1788
Inserted 'vbW' as code 1788
[DEBUG] Read code = 742 (size 11)
[DEBUG] Got code = 742
[DEBUG] Normal case: found entry for code 742 = W
[DEBUG] Inserting entry 'bt' as code 1789
Inserted 'Wb' as code 1789
[DEBUG] Read code = 107 (size 11)
[DEBUG] Got code = 107
[DEBUG] Normal case: found entry for code 107 = bt
[DEBUG] Inserting entry 'k' as code 1790
Inserted 'btk' as code 1790
[DEBUG] Read code = 1191 (size 11)
[DEBUG] Got code = 1191
[DEBUG] Normal case: found entry for code 1191 = k
[DEBUG] Inserting entry 'JC' as code 1791
Inserted 'kJ' as code 1791
[DEBUG] Read code = 1766 (size 11)
[DEBUG] Got code = 1766
[DEBUG] Normal case: found entry for code 1766 = JC
[DEBUG] Inserting entry 'lR' as code 1792
Inserted 'JCl' as code 1792
[DEBUG] Read code = 119 (size 11)
[DEBUG] Got code = 119
[DEBUG] Normal case: found entry for code 119 = lR
[DEBUG] Inserting entry 'w' as code 1793
Inserted 'lRw' as code 1793
[DEBUG] Read code = 72 (size 11)
[DEBUG] Got code = 72
[DEBUG] Normal case: found entry for code 72 = w
[DEBUG] Inserting entry 'H' as code 1794
Inserted 'wH' as code 1794
[DEBUG] Read code = 73 (size 11)
[DEBUG] Got code = 73
[DEBUG] Normal case: found entry for code 73 = H
[DEBUG] Inserting entry 'I' as code 1795
Inserted 'HI' as code 1795
[DEBUG] Read code = 111 (size 11)
[DEBUG] Got code = 111
[DEBUG] Normal case: found entry for code 111 = I
[DEBUG] Inserting entry 'o' as code 1796
Inserted 'Io' as code 1796
[DEBUG] Read code = 109 (size 11)
[DEBUG] Got code = 109
[DEBUG] Normal case: found entry for code 109 = o
[DEBUG] Inserting entry 'm' as code 1797
Inserted 'om' as code 1797
[DEBUG] Read code = 435 (size 11)
[DEBUG] Got code = 435
[DEBUG] Normal case: found entry for code 435 = m
[DEBUG] Inserting entry 'Kz' as code 1798
Inserted 'mK' as code 1798
[DEBUG] Read code = 53 (size 11)
[DEBUG] Got code = 53
[DEBUG] Normal case: found entry for code 53 = Kz
[DEBUG] Inserting entry '5' as code 1799
Inserted 'Kz5' as code 1799
[DEBUG] Read code = 87 (size 11)
[DEBUG] Got code = 87
[DEBUG] Normal case: found entry for code 87 = 5
[DEBUG] Inserting entry 'W' as code 1800
Inserted '5W' as code 1800
[DEBUG] Read code = 299 (size 11)
[DEBUG] Got code = 299
[DEBUG] Normal case: found entry for code 299 = W
[DEBUG] Inserting entry '3L' as code 1801
Inserted 'W3' as code 1801
[DEBUG] Read code = 105 (size 11)
[DEBUG] Got code = 105
[DEBUG] Normal case: found entry for code 105 = 3L
[DEBUG] Inserting entry 'i' as code 1802
Inserted '3Li' as code 1802
[DEBUG] Read code = 77 (size 11)
[DEBUG] Got code = 77
[DEBUG] Normal case: found entry for code 77 = i
[DEBUG] Inserting entry 'M' as code 1803
Inserted 'iM' as code 1803
[DEBUG] Read code = 69 (size 11)
[DEBUG] Got code = 69
[DEBUG] Normal case: found entry for code 69 = M
[DEBUG] Inserting entry 'E' as code 1804
Inserted 'ME' as code 1804
[DEBUG] Read code = 942 (size 11)
[DEBUG] Got code = 942
[DEBUG] Normal case: found entry for code 942 = E
[DEBUG] Inserting entry 'Us' as code 1805
Inserted 'EU' as code 1805
[DEBUG] Read code = 1644 (size 11)
[DEBUG] Got code = 1644
[DEBUG] Normal case: found entry for code 1644 = Us
[DEBUG] Inserting entry 'Me' as code 1806
Inserted 'UsM' as code 1806
[DEBUG] Read code = 1590 (size 11)
[DEBUG] Got code = 1590
[DEBUG] Normal case: found entry for code 1590 = Me
[DEBUG] Inserting entry 't0' as code 1807
Inserted 'Met' as code 1807
[DEBUG] Read code = 70 (size 11)
[DEBUG] Got code = 70
[DEBUG] Normal case: found entry for code 70 = t0
[DEBUG] Inserting entry 'F' as code 1808
Inserted 't0F' as code 1808
[DEBUG] Read code = 1199 (size 11)
[DEBUG] Got code = 1199
[DEBUG] Normal case: found entry for code 1199 = F
[DEBUG] Inserting entry 'Jp' as code 1809
Inserted 'FJ' as code 1809
[DEBUG] Read code = 69 (size 11)
[DEBUG] Got code = 69
[DEBUG] Normal case: found entry for code 69 = Jp
[DEBUG] Inserting entry 'E' as code 1810
Inserted 'JpE' as code 1810
[DEBUG] Read code = 1800 (size 11)
[DEBUG] Got code = 1800
[DEBUG] Normal case: found entry for code 1800 = E
[DEBUG] Inserting entry '5W' as code 1811
Inserted 'E5' as code 1811
[DEBUG] Read code = 114 (size 11)
[DEBUG] Got code = 114
[DEBUG] Normal case: found entry for code 114 = 5W
[DEBUG] Inserting entry 'r' as code 1812
Inserted '5Wr' as code 1812
[DEBUG] Read code = 81 (size 11)
[DEBUG] Got code = 81
[DEBUG] Normal case: found entry for code 81 = r
[DEBUG] Inserting entry 'Q' as code 1813
Inserted 'rQ' as code 1813
[DEBUG] Read code = 314 (size 11)
[DEBUG] Got code = 314
[DEBUG] Normal case: found entry for code 314 = Q
[DEBUG] Inserting entry 'Cp' as code 1814
Inserted 'QC' as code 1814
[DEBUG] Read code = 47 (size 11)
[DEBUG] Got code = 47
[DEBUG] Normal case: found entry for code 47 = Cp
[DEBUG] Inserting entry '/' as code 1815
Inserted 'Cp/' as code 1815
[DEBUG] Read code = 455 (size 11)
[DEBUG] Got code = 455
[DEBUG] Normal case: found entry for code 455 = /
[DEBUG] Inserting entry 'pt' as code 1816
Inserted '/p' as code 1816
[DEBUG] Read code = 117 (size 11)
[DEBUG] Got code = 117
[DEBUG] Normal case: found entry for code 117 = pt
[DEBUG] Inserting entry 'u' as code 1817
Inserted 'ptu' as code 1817
[DEBUG] Read code = 104 (size 11)
[DEBUG] Got code = 104
[DEBUG] Normal case: found entry for code 104 = u
[DEBUG] Inserting entry 'h' as code 1818
Inserted 'uh' as code 1818
[DEBUG] Read code = 764 (size 11)
[DEBUG] Got code = 764
[DEBUG] Normal case: found entry for code 764 = h
[DEBUG] Inserting entry 'Ev' as code 1819
Inserted 'hE' as code 1819
[DEBUG] Read code = 1253 (size 11)
[DEBUG] Got code = 1253
[DEBUG] Normal case: found entry for code 1253 = Ev
[DEBUG] Inserting entry 'yZ' as code 1820
Inserted 'Evy' as code 1820
[DEBUG] Read code = 116 (size 11)
[DEBUG] Got code = 116
[DEBUG] Normal case: found entry for code 116 = yZ
[DEBUG] Inserting entry 't' as code 1821
Inserted 'yZt' as code 1821
[DEBUG] Read code = 115 (size 11)
[DEBUG] Got code = 115
[DEBUG] Normal case: found entry for code 115 = t
[DEBUG] Inserting entry 's' as code 1822
Inserted 'ts' as code 1822
[DEBUG] Read code = 48 (size 11)
[DEBUG] Got code = 48
[DEBUG] Normal case: found entry for code 48 = s
[DEBUG] Inserting entry '0' as code 1823
Inserted 's0' as code 1823
[DEBUG] Read code = 85 (size 11)
[DEBUG] Got code = 85
[DEBUG] Normal case: found entry for code 85 = 0
[DEBUG] Inserting entry 'U' as code 1824
Inserted '0U' as code 1824
[DEBUG] Read code = 66 (size 11)
[DEBUG] Got code = 66
[DEBUG] Normal case: found entry for code 66 = U
[DEBUG] Inserting entry 'B' as code 1825
Inserted 'UB' as code 1825
[DEBUG] Read code = 74 (size 11)
[DEBUG] Got code = 74
[DEBUG] Normal case: found entry for code 74 = B
[DEBUG] Inserting entry 'J' as code 1826
Inserted 'BJ' as code 1826
[DEBUG] Read code = 1022 (size 11)
[DEBUG] Got code = 1022
[DEBUG] Normal case: found entry for code 1022 = J
[DEBUG] Inserting entry 'zf' as code 1827
Inserted 'Jz' as code 1827
[DEBUG] Read code = 108 (size 11)
[DEBUG] Got code = 108
[DEBUG] Normal case: found entry for code 108 = zf
[DEBUG] Inserting entry 'l' as code 1828
Inserted 'zfl' as code 1828
[DEBUG] Read code = 774 (size 11)
[DEBUG] Got code = 774
[DEBUG] Normal case: found entry for code 774 = l
[DEBUG] Inserting entry '
+' as code 1829
Inserted 'l
' as code 1829
[DEBUG] Read code = 1011 (size 11)
[DEBUG] Got code = 1011
[DEBUG] Normal case: found entry for code 1011 = 
+
[DEBUG] Inserting entry 'jU' as code 1830
Inserted '
+j' as code 1830
[DEBUG] Read code = 43 (size 11)
[DEBUG] Got code = 43
[DEBUG] Normal case: found entry for code 43 = jU
[DEBUG] Inserting entry '+' as code 1831
Inserted 'jU+' as code 1831
[DEBUG] Read code = 1338 (size 11)
[DEBUG] Got code = 1338
[DEBUG] Normal case: found entry for code 1338 = +
[DEBUG] Inserting entry 'Xi' as code 1832
Inserted '+X' as code 1832
[DEBUG] Read code = 1639 (size 11)
[DEBUG] Got code = 1639
[DEBUG] Normal case: found entry for code 1639 = Xi
[DEBUG] Inserting entry 'bTC' as code 1833
Inserted 'Xib' as code 1833
[DEBUG] Read code = 294 (size 11)
[DEBUG] Got code = 294
[DEBUG] Normal case: found entry for code 294 = bTC
[DEBUG] Inserting entry 'Vg' as code 1834
Inserted 'bTCV' as code 1834
[DEBUG] Read code = 115 (size 11)
[DEBUG] Got code = 115
[DEBUG] Normal case: found entry for code 115 = Vg
[DEBUG] Inserting entry 's' as code 1835
Inserted 'Vgs' as code 1835
[DEBUG] Read code = 102 (size 11)
[DEBUG] Got code = 102
[DEBUG] Normal case: found entry for code 102 = s
[DEBUG] Inserting entry 'f' as code 1836
Inserted 'sf' as code 1836
[DEBUG] Read code = 108 (size 11)
[DEBUG] Got code = 108
[DEBUG] Normal case: found entry for code 108 = f
[DEBUG] Inserting entry 'l' as code 1837
Inserted 'fl' as code 1837
[DEBUG] Read code = 72 (size 11)
[DEBUG] Got code = 72
[DEBUG] Normal case: found entry for code 72 = l
[DEBUG] Inserting entry 'H' as code 1838
Inserted 'lH' as code 1838
[DEBUG] Read code = 55 (size 11)
[DEBUG] Got code = 55
[DEBUG] Normal case: found entry for code 55 = H
[DEBUG] Inserting entry '7' as code 1839
Inserted 'H7' as code 1839
[DEBUG] Read code = 68 (size 11)
[DEBUG] Got code = 68
[DEBUG] Normal case: found entry for code 68 = 7
[DEBUG] Inserting entry 'D' as code 1840
Inserted '7D' as code 1840
[DEBUG] Read code = 51 (size 11)
[DEBUG] Got code = 51
[DEBUG] Normal case: found entry for code 51 = D
[DEBUG] Inserting entry '3' as code 1841
Inserted 'D3' as code 1841
[DEBUG] Read code = 737 (size 11)
[DEBUG] Got code = 737
[DEBUG] Normal case: found entry for code 737 = 3
[DEBUG] Inserting entry 'Hb' as code 1842
Inserted '3H' as code 1842
[DEBUG] Read code = 47 (size 11)
[DEBUG] Got code = 47
[DEBUG] Normal case: found entry for code 47 = Hb
[DEBUG] Inserting entry '/' as code 1843
Inserted 'Hb/' as code 1843
[DEBUG] Read code = 85 (size 11)
[DEBUG] Got code = 85
[DEBUG] Normal case: found entry for code 85 = /
[DEBUG] Inserting entry 'U' as code 1844
Inserted '/U' as code 1844
[DEBUG] Read code = 1252 (size 11)
[DEBUG] Got code = 1252
[DEBUG] Normal case: found entry for code 1252 = U
[DEBUG] Inserting entry 'gKy' as code 1845
Inserted 'Ug' as code 1845
[DEBUG] Read code = 89 (size 11)
[DEBUG] Got code = 89
[DEBUG] Normal case: found entry for code 89 = gKy
[DEBUG] Inserting entry 'Y' as code 1846
Inserted 'gKyY' as code 1846
[DEBUG] Read code = 1764 (size 11)
[DEBUG] Got code = 1764
[DEBUG] Normal case: found entry for code 1764 = Y
[DEBUG] Inserting entry 'Ms' as code 1847
Inserted 'YM' as code 1847
[DEBUG] Read code = 1338 (size 11)
[DEBUG] Got code = 1338
[DEBUG] Normal case: found entry for code 1338 = Ms
[DEBUG] Inserting entry 'Xi' as code 1848
Inserted 'MsX' as code 1848
[DEBUG] Read code = 112 (size 11)
[DEBUG] Got code = 112
[DEBUG] Normal case: found entry for code 112 = Xi
[DEBUG] Inserting entry 'p' as code 1849
Inserted 'Xip' as code 1849
[DEBUG] Read code = 72 (size 11)
[DEBUG] Got code = 72
[DEBUG] Normal case: found entry for code 72 = p
[DEBUG] Inserting entry 'H' as code 1850
Inserted 'pH' as code 1850
[DEBUG] Read code = 99 (size 11)
[DEBUG] Got code = 99
[DEBUG] Normal case: found entry for code 99 = H
[DEBUG] Inserting entry 'c' as code 1851
Inserted 'Hc' as code 1851
[DEBUG] Read code = 1577 (size 11)
[DEBUG] Got code = 1577
[DEBUG] Normal case: found entry for code 1577 = c
[DEBUG] Inserting entry 'XZ8' as code 1852
Inserted 'cX' as code 1852
[DEBUG] Read code = 88 (size 11)
[DEBUG] Got code = 88
[DEBUG] Normal case: found entry for code 88 = XZ8
[DEBUG] Inserting entry 'X' as code 1853
Inserted 'XZ8X' as code 1853
[DEBUG] Read code = 1753 (size 11)
[DEBUG] Got code = 1753
[DEBUG] Normal case: found entry for code 1753 = X
[DEBUG] Inserting entry 'VxWB' as code 1854
Inserted 'XV' as code 1854
[DEBUG] Read code = 116 (size 11)
[DEBUG] Got code = 116
[DEBUG] Normal case: found entry for code 116 = VxWB
[DEBUG] Inserting entry 't' as code 1855
Inserted 'VxWBt' as code 1855
[DEBUG] Read code = 104 (size 11)
[DEBUG] Got code = 104
[DEBUG] Normal case: found entry for code 104 = t
[DEBUG] Inserting entry 'h' as code 1856
Inserted 'th' as code 1856
[DEBUG] Read code = 97 (size 11)
[DEBUG] Got code = 97
[DEBUG] Normal case: found entry for code 97 = h
[DEBUG] Inserting entry 'a' as code 1857
Inserted 'ha' as code 1857
[DEBUG] Read code = 52 (size 11)
[DEBUG] Got code = 52
[DEBUG] Normal case: found entry for code 52 = a
[DEBUG] Inserting entry '4' as code 1858
Inserted 'a4' as code 1858
[DEBUG] Read code = 73 (size 11)
[DEBUG] Got code = 73
[DEBUG] Normal case: found entry for code 73 = 4
[DEBUG] Inserting entry 'I' as code 1859
Inserted '4I' as code 1859
[DEBUG] Read code = 99 (size 11)
[DEBUG] Got code = 99
[DEBUG] Normal case: found entry for code 99 = I
[DEBUG] Inserting entry 'c' as code 1860
Inserted 'Ic' as code 1860
[DEBUG] Read code = 354 (size 11)
[DEBUG] Got code = 354
[DEBUG] Normal case: found entry for code 354 = c
[DEBUG] Inserting entry 'ZE' as code 1861
Inserted 'cZ' as code 1861
[DEBUG] Read code = 103 (size 11)
[DEBUG] Got code = 103
[DEBUG] Normal case: found entry for code 103 = ZE
[DEBUG] Inserting entry 'g' as code 1862
Inserted 'ZEg' as code 1862
[DEBUG] Read code = 87 (size 11)
[DEBUG] Got code = 87
[DEBUG] Normal case: found entry for code 87 = g
[DEBUG] Inserting entry 'W' as code 1863
Inserted 'gW' as code 1863
[DEBUG] Read code = 49 (size 11)
[DEBUG] Got code = 49
[DEBUG] Normal case: found entry for code 49 = W
[DEBUG] Inserting entry '1' as code 1864
Inserted 'W1' as code 1864
[DEBUG] Read code = 527 (size 11)
[DEBUG] Got code = 527
[DEBUG] Normal case: found entry for code 527 = 1
[DEBUG] Inserting entry 'pG' as code 1865
Inserted '1p' as code 1865
[DEBUG] Read code = 90 (size 11)
[DEBUG] Got code = 90
[DEBUG] Normal case: found entry for code 90 = pG
[DEBUG] Inserting entry 'Z' as code 1866
Inserted 'pGZ' as code 1866
[DEBUG] Read code = 84 (size 11)
[DEBUG] Got code = 84
[DEBUG] Normal case: found entry for code 84 = Z
[DEBUG] Inserting entry 'T' as code 1867
Inserted 'ZT' as code 1867
[DEBUG] Read code = 117 (size 11)
[DEBUG] Got code = 117
[DEBUG] Normal case: found entry for code 117 = T
[DEBUG] Inserting entry 'u' as code 1868
Inserted 'Tu' as code 1868
[DEBUG] Read code = 84 (size 11)
[DEBUG] Got code = 84
[DEBUG] Normal case: found entry for code 84 = u
[DEBUG] Inserting entry 'T' as code 1869
Inserted 'uT' as code 1869
[DEBUG] Read code = 78 (size 11)
[DEBUG] Got code = 78
[DEBUG] Normal case: found entry for code 78 = T
[DEBUG] Inserting entry 'N' as code 1870
Inserted 'TN' as code 1870
[DEBUG] Read code = 69 (size 11)
[DEBUG] Got code = 69
[DEBUG] Normal case: found entry for code 69 = N
[DEBUG] Inserting entry 'E' as code 1871
Inserted 'NE' as code 1871
[DEBUG] Read code = 1641 (size 11)
[DEBUG] Got code = 1641
[DEBUG] Normal case: found entry for code 1641 = E
[DEBUG] Inserting entry 'BK' as code 1872
Inserted 'EB' as code 1872
[DEBUG] Read code = 122 (size 11)
[DEBUG] Got code = 122
[DEBUG] Normal case: found entry for code 122 = BK
[DEBUG] Inserting entry 'z' as code 1873
Inserted 'BKz' as code 1873
[DEBUG] Read code = 120 (size 11)
[DEBUG] Got code = 120
[DEBUG] Normal case: found entry for code 120 = z
[DEBUG] Inserting entry 'x' as code 1874
Inserted 'zx' as code 1874
[DEBUG] Read code = 109 (size 11)
[DEBUG] Got code = 109
[DEBUG] Normal case: found entry for code 109 = x
[DEBUG] Inserting entry 'm' as code 1875
Inserted 'xm' as code 1875
[DEBUG] Read code = 108 (size 11)
[DEBUG] Got code = 108
[DEBUG] Normal case: found entry for code 108 = m
[DEBUG] Inserting entry 'l' as code 1876
Inserted 'ml' as code 1876
[DEBUG] Read code = 810 (size 11)
[DEBUG] Got code = 810
[DEBUG] Normal case: found entry for code 810 = l
[DEBUG] Inserting entry '+F' as code 1877
Inserted 'l+' as code 1877
[DEBUG] Read code = 1452 (size 11)
[DEBUG] Got code = 1452
[DEBUG] Normal case: found entry for code 1452 = +F
[DEBUG] Inserting entry 'IS' as code 1878
Inserted '+FI' as code 1878
[DEBUG] Read code = 110 (size 11)
[DEBUG] Got code = 110
[DEBUG] Normal case: found entry for code 110 = IS
[DEBUG] Inserting entry 'n' as code 1879
Inserted 'ISn' as code 1879
[DEBUG] Read code = 1097 (size 11)
[DEBUG] Got code = 1097
[DEBUG] Normal case: found entry for code 1097 = n
[DEBUG] Inserting entry 'N8' as code 1880
Inserted 'nN' as code 1880
[DEBUG] Read code = 53 (size 11)
[DEBUG] Got code = 53
[DEBUG] Normal case: found entry for code 53 = N8
[DEBUG] Inserting entry '5' as code 1881
Inserted 'N85' as code 1881
[DEBUG] Read code = 80 (size 11)
[DEBUG] Got code = 80
[DEBUG] Normal case: found entry for code 80 = 5
[DEBUG] Inserting entry 'P' as code 1882
Inserted '5P' as code 1882
[DEBUG] Read code = 532 (size 11)
[DEBUG] Got code = 532
[DEBUG] Normal case: found entry for code 532 = P
[DEBUG] Inserting entry 'bK' as code 1883
Inserted 'Pb' as code 1883
[DEBUG] Read code = 70 (size 11)
[DEBUG] Got code = 70
[DEBUG] Normal case: found entry for code 70 = bK
[DEBUG] Inserting entry 'F' as code 1884
Inserted 'bKF' as code 1884
[DEBUG] Read code = 113 (size 11)
[DEBUG] Got code = 113
[DEBUG] Normal case: found entry for code 113 = F
[DEBUG] Inserting entry 'q' as code 1885
Inserted 'Fq' as code 1885
[DEBUG] Read code = 43 (size 11)
[DEBUG] Got code = 43
[DEBUG] Normal case: found entry for code 43 = q
[DEBUG] Inserting entry '+' as code 1886
Inserted 'q+' as code 1886
[DEBUG] Read code = 773 (size 11)
[DEBUG] Got code = 773
[DEBUG] Normal case: found entry for code 773 = +
[DEBUG] Inserting entry 'y
' as code 1887
Inserted '+y' as code 1887
[DEBUG] Read code = 102 (size 11)
[DEBUG] Got code = 102
[DEBUG] Normal case: found entry for code 102 = y

[DEBUG] Inserting entry 'f' as code 1888
Inserted 'y
f' as code 1888
[DEBUG] Read code = 565 (size 11)
[DEBUG] Got code = 565
[DEBUG] Normal case: found entry for code 565 = f
[DEBUG] Inserting entry 'Xc' as code 1889
Inserted 'fX' as code 1889
[DEBUG] Read code = 807 (size 11)
[DEBUG] Got code = 807
[DEBUG] Normal case: found entry for code 807 = Xc
[DEBUG] Inserting entry 'az' as code 1890
Inserted 'Xca' as code 1890
[DEBUG] Read code = 106 (size 11)
[DEBUG] Got code = 106
[DEBUG] Normal case: found entry for code 106 = az
[DEBUG] Inserting entry 'j' as code 1891
Inserted 'azj' as code 1891
[DEBUG] Read code = 54 (size 11)
[DEBUG] Got code = 54
[DEBUG] Normal case: found entry for code 54 = j
[DEBUG] Inserting entry '6' as code 1892
Inserted 'j6' as code 1892
[DEBUG] Read code = 1340 (size 11)
[DEBUG] Got code = 1340
[DEBUG] Normal case: found entry for code 1340 = 6
[DEBUG] Inserting entry 'T2e' as code 1893
Inserted '6T' as code 1893
[DEBUG] Read code = 109 (size 11)
[DEBUG] Got code = 109
[DEBUG] Normal case: found entry for code 109 = T2e
[DEBUG] Inserting entry 'm' as code 1894
Inserted 'T2em' as code 1894
[DEBUG] Read code = 115 (size 11)
[DEBUG] Got code = 115
[DEBUG] Normal case: found entry for code 115 = m
[DEBUG] Inserting entry 's' as code 1895
Inserted 'ms' as code 1895
[DEBUG] Read code = 100 (size 11)
[DEBUG] Got code = 100
[DEBUG] Normal case: found entry for code 100 = s
[DEBUG] Inserting entry 'd' as code 1896
Inserted 'sd' as code 1896
[DEBUG] Read code = 88 (size 11)
[DEBUG] Got code = 88
[DEBUG] Normal case: found entry for code 88 = d
[DEBUG] Inserting entry 'X' as code 1897
Inserted 'dX' as code 1897
[DEBUG] Read code = 56 (size 11)
[DEBUG] Got code = 56
[DEBUG] Normal case: found entry for code 56 = X
[DEBUG] Inserting entry '8' as code 1898
Inserted 'X8' as code 1898
[DEBUG] Read code = 104 (size 11)
[DEBUG] Got code = 104
[DEBUG] Normal case: found entry for code 104 = 8
[DEBUG] Inserting entry 'h' as code 1899
Inserted '8h' as code 1899
[DEBUG] Read code = 1783 (size 11)
[DEBUG] Got code = 1783
[DEBUG] Normal case: found entry for code 1783 = h
[DEBUG] Inserting entry 'VR' as code 1900
Inserted 'hV' as code 1900
[DEBUG] Read code = 90 (size 11)
[DEBUG] Got code = 90
[DEBUG] Normal case: found entry for code 90 = VR
[DEBUG] Inserting entry 'Z' as code 1901
Inserted 'VRZ' as code 1901
[DEBUG] Read code = 79 (size 11)
[DEBUG] Got code = 79
[DEBUG] Normal case: found entry for code 79 = Z
[DEBUG] Inserting entry 'O' as code 1902
Inserted 'ZO' as code 1902
[DEBUG] Read code = 50 (size 11)
[DEBUG] Got code = 50
[DEBUG] Normal case: found entry for code 50 = O
[DEBUG] Inserting entry '2' as code 1903
Inserted 'O2' as code 1903
[DEBUG] Read code = 465 (size 11)
[DEBUG] Got code = 465
[DEBUG] Normal case: found entry for code 465 = 2
[DEBUG] Inserting entry '4a' as code 1904
Inserted '24' as code 1904
[DEBUG] Read code = 1403 (size 11)
[DEBUG] Got code = 1403
[DEBUG] Normal case: found entry for code 1403 = 4a
[DEBUG] Inserting entry 'zc' as code 1905
Inserted '4az' as code 1905
[DEBUG] Read code = 109 (size 11)
[DEBUG] Got code = 109
[DEBUG] Normal case: found entry for code 109 = zc
[DEBUG] Inserting entry 'm' as code 1906
Inserted 'zcm' as code 1906
[DEBUG] Read code = 122 (size 11)
[DEBUG] Got code = 122
[DEBUG] Normal case: found entry for code 122 = m
[DEBUG] Inserting entry 'z' as code 1907
Inserted 'mz' as code 1907
[DEBUG] Read code = 116 (size 11)
[DEBUG] Got code = 116
[DEBUG] Normal case: found entry for code 116 = z
[DEBUG] Inserting entry 't' as code 1908
Inserted 'zt' as code 1908
[DEBUG] Read code = 74 (size 11)
[DEBUG] Got code = 74
[DEBUG] Normal case: found entry for code 74 = t
[DEBUG] Inserting entry 'J' as code 1909
Inserted 'tJ' as code 1909
[DEBUG] Read code = 1297 (size 11)
[DEBUG] Got code = 1297
[DEBUG] Normal case: found entry for code 1297 = J
[DEBUG] Inserting entry 'By' as code 1910
Inserted 'JB' as code 1910
[DEBUG] Read code = 107 (size 11)
[DEBUG] Got code = 107
[DEBUG] Normal case: found entry for code 107 = By
[DEBUG] Inserting entry 'k' as code 1911
Inserted 'Byk' as code 1911
[DEBUG] Read code = 98 (size 11)
[DEBUG] Got code = 98
[DEBUG] Normal case: found entry for code 98 = k
[DEBUG] Inserting entry 'b' as code 1912
Inserted 'kb' as code 1912
[DEBUG] Read code = 102 (size 11)
[DEBUG] Got code = 102
[DEBUG] Normal case: found entry for code 102 = b
[DEBUG] Inserting entry 'f' as code 1913
Inserted 'bf' as code 1913
[DEBUG] Read code = 107 (size 11)
[DEBUG] Got code = 107
[DEBUG] Normal case: found entry for code 107 = f
[DEBUG] Inserting entry 'k' as code 1914
Inserted 'fk' as code 1914
[DEBUG] Read code = 97 (size 11)
[DEBUG] Got code = 97
[DEBUG] Normal case: found entry for code 97 = k
[DEBUG] Inserting entry 'a' as code 1915
Inserted 'ka' as code 1915
[DEBUG] Read code = 1866 (size 11)
[DEBUG] Got code = 1866
[DEBUG] Normal case: found entry for code 1866 = a
[DEBUG] Inserting entry 'pGZ' as code 1916
Inserted 'ap' as code 1916
[DEBUG] Read code = 57 (size 11)
[DEBUG] Got code = 57
[DEBUG] Normal case: found entry for code 57 = pGZ
[DEBUG] Inserting entry '9' as code 1917
Inserted 'pGZ9' as code 1917
[DEBUG] Read code = 73 (size 11)
[DEBUG] Got code = 73
[DEBUG] Normal case: found entry for code 73 = 9
[DEBUG] Inserting entry 'I' as code 1918
Inserted '9I' as code 1918
[DEBUG] Read code = 1705 (size 11)
[DEBUG] Got code = 1705
[DEBUG] Normal case: found entry for code 1705 = I
[DEBUG] Inserting entry 'Ez/' as code 1919
Inserted 'IE' as code 1919
[DEBUG] Read code = 101 (size 11)
[DEBUG] Got code = 101
[DEBUG] Normal case: found entry for code 101 = Ez/
[DEBUG] Inserting entry 'e' as code 1920
Inserted 'Ez/e' as code 1920
[DEBUG] Read code = 113 (size 11)
[DEBUG] Got code = 113
[DEBUG] Normal case: found entry for code 113 = e
[DEBUG] Inserting entry 'q' as code 1921
Inserted 'eq' as code 1921
[DEBUG] Read code = 113 (size 11)
[DEBUG] Got code = 113
[DEBUG] Normal case: found entry for code 113 = q
[DEBUG] Inserting entry 'q' as code 1922
Inserted 'qq' as code 1922
[DEBUG] Read code = 75 (size 11)
[DEBUG] Got code = 75
[DEBUG] Normal case: found entry for code 75 = q
[DEBUG] Inserting entry 'K' as code 1923
Inserted 'qK' as code 1923
[DEBUG] Read code = 103 (size 11)
[DEBUG] Got code = 103
[DEBUG] Normal case: found entry for code 103 = K
[DEBUG] Inserting entry 'g' as code 1924
Inserted 'Kg' as code 1924
[DEBUG] Read code = 101 (size 11)
[DEBUG] Got code = 101
[DEBUG] Normal case: found entry for code 101 = g
[DEBUG] Inserting entry 'e' as code 1925
Inserted 'ge' as code 1925
[DEBUG] Read code = 88 (size 11)
[DEBUG] Got code = 88
[DEBUG] Normal case: found entry for code 88 = e
[DEBUG] Inserting entry 'X' as code 1926
Inserted 'eX' as code 1926
[DEBUG] Read code = 89 (size 11)
[DEBUG] Got code = 89
[DEBUG] Normal case: found entry for code 89 = X
[DEBUG] Inserting entry 'Y' as code 1927
Inserted 'XY' as code 1927
[DEBUG] Read code = 742 (size 11)
[DEBUG] Got code = 742
[DEBUG] Normal case: found entry for code 742 = Y
[DEBUG] Inserting entry 'bt' as code 1928
Inserted 'Yb' as code 1928
[DEBUG] Read code = 75 (size 11)
[DEBUG] Got code = 75
[DEBUG] Normal case: found entry for code 75 = bt
[DEBUG] Inserting entry 'K' as code 1929
Inserted 'btK' as code 1929
[DEBUG] Read code = 636 (size 11)
[DEBUG] Got code = 636
[DEBUG] Normal case: found entry for code 636 = K
[DEBUG] Inserting entry 'sn' as code 1930
Inserted 'Ks' as code 1930
[DEBUG] Read code = 449 (size 11)
[DEBUG] Got code = 449
[DEBUG] Normal case: found entry for code 449 = sn
[DEBUG] Inserting entry 'S9' as code 1931
Inserted 'snS' as code 1931
[DEBUG] Read code = 112 (size 11)
[DEBUG] Got code = 112
[DEBUG] Normal case: found entry for code 112 = S9
[DEBUG] Inserting entry 'p' as code 1932
Inserted 'S9p' as code 1932
[DEBUG] Read code = 1068 (size 11)
[DEBUG] Got code = 1068
[DEBUG] Normal case: found entry for code 1068 = p
[DEBUG] Inserting entry 'DA8' as code 1933
Inserted 'pD' as code 1933
[DEBUG] Read code = 1057 (size 11)
[DEBUG] Got code = 1057
[DEBUG] Normal case: found entry for code 1057 = DA8
[DEBUG] Inserting entry 'ik' as code 1934
Inserted 'DA8i' as code 1934
[DEBUG] Read code = 1389 (size 11)
[DEBUG] Got code = 1389
[DEBUG] Normal case: found entry for code 1389 = ik
[DEBUG] Inserting entry '1Z' as code 1935
Inserted 'ik1' as code 1935
[DEBUG] Read code = 52 (size 11)
[DEBUG] Got code = 52
[DEBUG] Normal case: found entry for code 52 = 1Z
[DEBUG] Inserting entry '4' as code 1936
Inserted '1Z4' as code 1936
[DEBUG] Read code = 118 (size 11)
[DEBUG] Got code = 118
[DEBUG] Normal case: found entry for code 118 = 4
[DEBUG] Inserting entry 'v' as code 1937
Inserted '4v' as code 1937
[DEBUG] Read code = 86 (size 11)
[DEBUG] Got code = 86
[DEBUG] Normal case: found entry for code 86 = v
[DEBUG] Inserting entry 'V' as code 1938
Inserted 'vV' as code 1938
[DEBUG] Read code = 787 (size 11)
[DEBUG] Got code = 787
[DEBUG] Normal case: found entry for code 787 = V
[DEBUG] Inserting entry 'A3' as code 1939
Inserted 'VA' as code 1939
[DEBUG] Read code = 87 (size 11)
[DEBUG] Got code = 87
[DEBUG] Normal case: found entry for code 87 = A3
[DEBUG] Inserting entry 'W' as code 1940
Inserted 'A3W' as code 1940
[DEBUG] Read code = 110 (size 11)
[DEBUG] Got code = 110
[DEBUG] Normal case: found entry for code 110 = W
[DEBUG] Inserting entry 'n' as code 1941
Inserted 'Wn' as code 1941
[DEBUG] Read code = 1253 (size 11)
[DEBUG] Got code = 1253
[DEBUG] Normal case: found entry for code 1253 = n
[DEBUG] Inserting entry 'yZ' as code 1942
Inserted 'ny' as code 1942
[DEBUG] Read code = 872 (size 11)
[DEBUG] Got code = 872
[DEBUG] Normal case: found entry for code 872 = yZ
[DEBUG] Inserting entry 'ys' as code 1943
Inserted 'yZy' as code 1943
[DEBUG] Read code = 89 (size 11)
[DEBUG] Got code = 89
[DEBUG] Normal case: found entry for code 89 = ys
[DEBUG] Inserting entry 'Y' as code 1944
Inserted 'ysY' as code 1944
[DEBUG] Read code = 114 (size 11)
[DEBUG] Got code = 114
[DEBUG] Normal case: found entry for code 114 = Y
[DEBUG] Inserting entry 'r' as code 1945
Inserted 'Yr' as code 1945
[DEBUG] Read code = 334 (size 11)
[DEBUG] Got code = 334
[DEBUG] Normal case: found entry for code 334 = r
[DEBUG] Inserting entry '
V' as code 1946
Inserted 'r
' as code 1946
[DEBUG] Read code = 120 (size 11)
[DEBUG] Got code = 120
[DEBUG] Normal case: found entry for code 120 = 
V
[DEBUG] Inserting entry 'x' as code 1947
Inserted '
Vx' as code 1947
[DEBUG] Read code = 48 (size 11)
[DEBUG] Got code = 48
[DEBUG] Normal case: found entry for code 48 = x
[DEBUG] Inserting entry '0' as code 1948
Inserted 'x0' as code 1948
[DEBUG] Read code = 49 (size 11)
[DEBUG] Got code = 49
[DEBUG] Normal case: found entry for code 49 = 0
[DEBUG] Inserting entry '1' as code 1949
Inserted '01' as code 1949
[DEBUG] Read code = 327 (size 11)
[DEBUG] Got code = 327
[DEBUG] Normal case: found entry for code 327 = 1
[DEBUG] Inserting entry '0g' as code 1950
Inserted '10' as code 1950
[DEBUG] Read code = 81 (size 11)
[DEBUG] Got code = 81
[DEBUG] Normal case: found entry for code 81 = 0g
[DEBUG] Inserting entry 'Q' as code 1951
Inserted '0gQ' as code 1951
[DEBUG] Read code = 121 (size 11)
[DEBUG] Got code = 121
[DEBUG] Normal case: found entry for code 121 = Q
[DEBUG] Inserting entry 'y' as code 1952
Inserted 'Qy' as code 1952
[DEBUG] Read code = 110 (size 11)
[DEBUG] Got code = 110
[DEBUG] Normal case: found entry for code 110 = y
[DEBUG] Inserting entry 'n' as code 1953
Inserted 'yn' as code 1953
[DEBUG] Read code = 524 (size 11)
[DEBUG] Got code = 524
[DEBUG] Normal case: found entry for code 524 = n
[DEBUG] Inserting entry 'tV' as code 1954
Inserted 'nt' as code 1954
[DEBUG] Read code = 52 (size 11)
[DEBUG] Got code = 52
[DEBUG] Normal case: found entry for code 52 = tV
[DEBUG] Inserting entry '4' as code 1955
Inserted 'tV4' as code 1955
[DEBUG] Read code = 574 (size 11)
[DEBUG] Got code = 574
[DEBUG] Normal case: found entry for code 574 = 4
[DEBUG] Inserting entry '5L' as code 1956
Inserted '45' as code 1956
[DEBUG] Read code = 109 (size 11)
[DEBUG] Got code = 109
[DEBUG] Normal case: found entry for code 109 = 5L
[DEBUG] Inserting entry 'm' as code 1957
Inserted '5Lm' as code 1957
[DEBUG] Read code = 1021 (size 11)
[DEBUG] Got code = 1021
[DEBUG] Normal case: found entry for code 1021 = m
[DEBUG] Inserting entry 'gz' as code 1958
Inserted 'mg' as code 1958
[DEBUG] Read code = 708 (size 11)
[DEBUG] Got code = 708
[DEBUG] Normal case: found entry for code 708 = gz
[DEBUG] Inserting entry 'kI' as code 1959
Inserted 'gzk' as code 1959
[DEBUG] Read code = 749 (size 11)
[DEBUG] Got code = 749
[DEBUG] Normal case: found entry for code 749 = kI
[DEBUG] Inserting entry 'pr' as code 1960
Inserted 'kIp' as code 1960
[DEBUG] Read code = 1850 (size 11)
[DEBUG] Got code = 1850
[DEBUG] Normal case: found entry for code 1850 = pr
[DEBUG] Inserting entry 'pH' as code 1961
Inserted 'prp' as code 1961
[DEBUG] Read code = 109 (size 11)
[DEBUG] Got code = 109
[DEBUG] Normal case: found entry for code 109 = pH
[DEBUG] Inserting entry 'm' as code 1962
Inserted 'pHm' as code 1962
[DEBUG] Read code = 1927 (size 11)
[DEBUG] Got code = 1927
[DEBUG] Normal case: found entry for code 1927 = m
[DEBUG] Inserting entry 'XY' as code 1963
Inserted 'mX' as code 1963
[DEBUG] Read code = 1435 (size 11)
[DEBUG] Got code = 1435
[DEBUG] Normal case: found entry for code 1435 = XY
[DEBUG] Inserting entry 'x7Z' as code 1964
Inserted 'XYx' as code 1964
[DEBUG] Read code = 280 (size 11)
[DEBUG] Got code = 280
[DEBUG] Normal case: found entry for code 280 = x7Z
[DEBUG] Inserting entry 's8' as code 1965
Inserted 'x7Zs' as code 1965
[DEBUG] Read code = 111 (size 11)
[DEBUG] Got code = 111
[DEBUG] Normal case: found entry for code 111 = s8
[DEBUG] Inserting entry 'o' as code 1966
Inserted 's8o' as code 1966
[DEBUG] Read code = 105 (size 11)
[DEBUG] Got code = 105
[DEBUG] Normal case: found entry for code 105 = o
[DEBUG] Inserting entry 'i' as code 1967
Inserted 'oi' as code 1967
[DEBUG] Read code = 73 (size 11)
[DEBUG] Got code = 73
[DEBUG] Normal case: found entry for code 73 = i
[DEBUG] Inserting entry 'I' as code 1968
Inserted 'iI' as code 1968
[DEBUG] Read code = 734 (size 11)
[DEBUG] Got code = 734
[DEBUG] Normal case: found entry for code 734 = I
[DEBUG] Inserting entry 'Dj' as code 1969
Inserted 'ID' as code 1969
[DEBUG] Read code = 98 (size 11)
[DEBUG] Got code = 98
[DEBUG] Normal case: found entry for code 98 = Dj
[DEBUG] Inserting entry 'b' as code 1970
Inserted 'Djb' as code 1970
[DEBUG] Read code = 114 (size 11)
[DEBUG] Got code = 114
[DEBUG] Normal case: found entry for code 114 = b
[DEBUG] Inserting entry 'r' as code 1971
Inserted 'br' as code 1971
[DEBUG] Read code = 587 (size 11)
[DEBUG] Got code = 587
[DEBUG] Normal case: found entry for code 587 = r
[DEBUG] Inserting entry 'U5' as code 1972
Inserted 'rU' as code 1972
[DEBUG] Read code = 112 (size 11)
[DEBUG] Got code = 112
[DEBUG] Normal case: found entry for code 112 = U5
[DEBUG] Inserting entry 'p' as code 1973
Inserted 'U5p' as code 1973
[DEBUG] Read code = 69 (size 11)
[DEBUG] Got code = 69
[DEBUG] Normal case: found entry for code 69 = p
[DEBUG] Inserting entry 'E' as code 1974
Inserted 'pE' as code 1974
[DEBUG] Read code = 69 (size 11)
[DEBUG] Got code = 69
[DEBUG] Normal case: found entry for code 69 = E
[DEBUG] Inserting entry 'E' as code 1975
Inserted 'EE' as code 1975
[DEBUG] Read code = 761 (size 11)
[DEBUG] Got code = 761
[DEBUG] Normal case: found entry for code 761 = E
[DEBUG] Inserting entry 'FJ' as code 1976
Inserted 'EF' as code 1976
[DEBUG] Read code = 112 (size 11)
[DEBUG] Got code = 112
[DEBUG] Normal case: found entry for code 112 = FJ
[DEBUG] Inserting entry 'p' as code 1977
Inserted 'FJp' as code 1977
[DEBUG] Read code = 77 (size 11)
[DEBUG] Got code = 77
[DEBUG] Normal case: found entry for code 77 = p
[DEBUG] Inserting entry 'M' as code 1978
Inserted 'pM' as code 1978
[DEBUG] Read code = 67 (size 11)
[DEBUG] Got code = 67
[DEBUG] Normal case: found entry for code 67 = M
[DEBUG] Inserting entry 'C' as code 1979
Inserted 'MC' as code 1979
[DEBUG] Read code = 50 (size 11)
[DEBUG] Got code = 50
[DEBUG] Normal case: found entry for code 50 = C
[DEBUG] Inserting entry '2' as code 1980
Inserted 'C2' as code 1980
[DEBUG] Read code = 647 (size 11)
[DEBUG] Got code = 647
[DEBUG] Normal case: found entry for code 647 = 2
[DEBUG] Inserting entry 'pZ' as code 1981
Inserted '2p' as code 1981
[DEBUG] Read code = 104 (size 11)
[DEBUG] Got code = 104
[DEBUG] Normal case: found entry for code 104 = pZ
[DEBUG] Inserting entry 'h' as code 1982
Inserted 'pZh' as code 1982
[DEBUG] Read code = 104 (size 11)
[DEBUG] Got code = 104
[DEBUG] Normal case: found entry for code 104 = h
[DEBUG] Inserting entry 'h' as code 1983
Inserted 'hh' as code 1983
[DEBUG] Read code = 78 (size 11)
[DEBUG] Got code = 78
[DEBUG] Normal case: found entry for code 78 = h
[DEBUG] Inserting entry 'N' as code 1984
Inserted 'hN' as code 1984
[DEBUG] Read code = 98 (size 11)
[DEBUG] Got code = 98
[DEBUG] Normal case: found entry for code 98 = N
[DEBUG] Inserting entry 'b' as code 1985
Inserted 'Nb' as code 1985
[DEBUG] Read code = 100 (size 11)
[DEBUG] Got code = 100
[DEBUG] Normal case: found entry for code 100 = b
[DEBUG] Inserting entry 'd' as code 1986
Inserted 'bd' as code 1986
[DEBUG] Read code = 1574 (size 11)
[DEBUG] Got code = 1574
[DEBUG] Normal case: found entry for code 1574 = d
[DEBUG] Inserting entry 'oDk' as code 1987
Inserted 'do' as code 1987
[DEBUG] Read code = 67 (size 11)
[DEBUG] Got code = 67
[DEBUG] Normal case: found entry for code 67 = oDk
[DEBUG] Inserting entry 'C' as code 1988
Inserted 'oDkC' as code 1988
[DEBUG] Read code = 105 (size 11)
[DEBUG] Got code = 105
[DEBUG] Normal case: found entry for code 105 = C
[DEBUG] Inserting entry 'i' as code 1989
Inserted 'Ci' as code 1989
[DEBUG] Read code = 71 (size 11)
[DEBUG] Got code = 71
[DEBUG] Normal case: found entry for code 71 = i
[DEBUG] Inserting entry 'G' as code 1990
Inserted 'iG' as code 1990
[DEBUG] Read code = 84 (size 11)
[DEBUG] Got code = 84
[DEBUG] Normal case: found entry for code 84 = G
[DEBUG] Inserting entry 'T' as code 1991
Inserted 'GT' as code 1991
[DEBUG] Read code = 72 (size 11)
[DEBUG] Got code = 72
[DEBUG] Normal case: found entry for code 72 = T
[DEBUG] Inserting entry 'H' as code 1992
Inserted 'TH' as code 1992
[DEBUG] Read code = 1644 (size 11)
[DEBUG] Got code = 1644
[DEBUG] Normal case: found entry for code 1644 = H
[DEBUG] Inserting entry 'Me' as code 1993
Inserted 'HM' as code 1993
[DEBUG] Read code = 115 (size 11)
[DEBUG] Got code = 115
[DEBUG] Normal case: found entry for code 115 = Me
[DEBUG] Inserting entry 's' as code 1994
Inserted 'Mes' as code 1994
[DEBUG] Read code = 90 (size 11)
[DEBUG] Got code = 90
[DEBUG] Normal case: found entry for code 90 = s
[DEBUG] Inserting entry 'Z' as code 1995
Inserted 'sZ' as code 1995
[DEBUG] Read code = 121 (size 11)
[DEBUG] Got code = 121
[DEBUG] Normal case: found entry for code 121 = Z
[DEBUG] Inserting entry 'y' as code 1996
Inserted 'Zy' as code 1996
[DEBUG] Read code = 591 (size 11)
[DEBUG] Got code = 591
[DEBUG] Normal case: found entry for code 591 = y
[DEBUG] Inserting entry 'kk' as code 1997
Inserted 'yk' as code 1997
[DEBUG] Read code = 119 (size 11)
[DEBUG] Got code = 119
[DEBUG] Normal case: found entry for code 119 = kk
[DEBUG] Inserting entry 'w' as code 1998
Inserted 'kkw' as code 1998
[DEBUG] Read code = 87 (size 11)
[DEBUG] Got code = 87
[DEBUG] Normal case: found entry for code 87 = w
[DEBUG] Inserting entry 'W' as code 1999
Inserted 'wW' as code 1999
[DEBUG] Read code = 71 (size 11)
[DEBUG] Got code = 71
[DEBUG] Normal case: found entry for code 71 = W
[DEBUG] Inserting entry 'G' as code 2000
Inserted 'WG' as code 2000
[DEBUG] Read code = 322 (size 11)
[DEBUG] Got code = 322
[DEBUG] Normal case: found entry for code 322 = G
[DEBUG] Inserting entry 'mx' as code 2001
Inserted 'Gm' as code 2001
[DEBUG] Read code = 1441 (size 11)
[DEBUG] Got code = 1441
[DEBUG] Normal case: found entry for code 1441 = mx
[DEBUG] Inserting entry 'K/' as code 2002
Inserted 'mxK' as code 2002
[DEBUG] Read code = 10 (size 11)
[DEBUG] Got code = 10
[DEBUG] Normal case: found entry for code 10 = K/
[DEBUG] Inserting entry '
' as code 2003
Inserted 'K/
' as code 2003
[DEBUG] Read code = 520 (size 11)
[DEBUG] Got code = 520
[DEBUG] Normal case: found entry for code 520 = 

[DEBUG] Inserting entry 'ZG' as code 2004
Inserted '
Z' as code 2004
[DEBUG] Read code = 52 (size 11)
[DEBUG] Got code = 52
[DEBUG] Normal case: found entry for code 52 = ZG
[DEBUG] Inserting entry '4' as code 2005
Inserted 'ZG4' as code 2005
[DEBUG] Read code = 83 (size 11)
[DEBUG] Got code = 83
[DEBUG] Normal case: found entry for code 83 = 4
[DEBUG] Inserting entry 'S' as code 2006
Inserted '4S' as code 2006
[DEBUG] Read code = 927 (size 11)
[DEBUG] Got code = 927
[DEBUG] Normal case: found entry for code 927 = S
[DEBUG] Inserting entry 'Jm' as code 2007
Inserted 'SJ' as code 2007
[DEBUG] Read code = 47 (size 11)
[DEBUG] Got code = 47
[DEBUG] Normal case: found entry for code 47 = Jm
[DEBUG] Inserting entry '/' as code 2008
Inserted 'Jm/' as code 2008
[DEBUG] Read code = 1479 (size 11)
[DEBUG] Got code = 1479
[DEBUG] Normal case: found entry for code 1479 = /
[DEBUG] Inserting entry '
N2' as code 2009
Inserted '/
' as code 2009
[DEBUG] Read code = 114 (size 11)
[DEBUG] Got code = 114
[DEBUG] Normal case: found entry for code 114 = 
N2
[DEBUG] Inserting entry 'r' as code 2010
Inserted '
N2r' as code 2010
[DEBUG] Read code = 598 (size 11)
[DEBUG] Got code = 598
[DEBUG] Normal case: found entry for code 598 = r
[DEBUG] Inserting entry '89' as code 2011
Inserted 'r8' as code 2011
[DEBUG] Read code = 102 (size 11)
[DEBUG] Got code = 102
[DEBUG] Normal case: found entry for code 102 = 89
[DEBUG] Inserting entry 'f' as code 2012
Inserted '89f' as code 2012
[DEBUG] Read code = 51 (size 11)
[DEBUG] Got code = 51
[DEBUG] Normal case: found entry for code 51 = f
[DEBUG] Inserting entry '3' as code 2013
Inserted 'f3' as code 2013
[DEBUG] Read code = 1091 (size 11)
[DEBUG] Got code = 1091
[DEBUG] Normal case: found entry for code 1091 = 3
[DEBUG] Inserting entry 'Lk' as code 2014
Inserted '3L' as code 2014
[DEBUG] Read code = 79 (size 11)
[DEBUG] Got code = 79
[DEBUG] Normal case: found entry for code 79 = Lk
[DEBUG] Inserting entry 'O' as code 2015
Inserted 'LkO' as code 2015
[DEBUG] Read code = 99 (size 11)
[DEBUG] Got code = 99
[DEBUG] Normal case: found entry for code 99 = O
[DEBUG] Inserting entry 'c' as code 2016
Inserted 'Oc' as code 2016
[DEBUG] Read code = 73 (size 11)
[DEBUG] Got code = 73
[DEBUG] Normal case: found entry for code 73 = c
[DEBUG] Inserting entry 'I' as code 2017
Inserted 'cI' as code 2017
[DEBUG] Read code = 88 (size 11)
[DEBUG] Got code = 88
[DEBUG] Normal case: found entry for code 88 = I
[DEBUG] Inserting entry 'X' as code 2018
Inserted 'IX' as code 2018
[DEBUG] Read code = 48 (size 11)
[DEBUG] Got code = 48
[DEBUG] Normal case: found entry for code 48 = X
[DEBUG] Inserting entry '0' as code 2019
Inserted 'X0' as code 2019
[DEBUG] Read code = 113 (size 11)
[DEBUG] Got code = 113
[DEBUG] Normal case: found entry for code 113 = 0
[DEBUG] Inserting entry 'q' as code 2020
Inserted '0q' as code 2020
[DEBUG] Read code = 1005 (size 11)
[DEBUG] Got code = 1005
[DEBUG] Normal case: found entry for code 1005 = q
[DEBUG] Inserting entry '5O' as code 2021
Inserted 'q5' as code 2021
[DEBUG] Read code = 80 (size 11)
[DEBUG] Got code = 80
[DEBUG] Normal case: found entry for code 80 = 5O
[DEBUG] Inserting entry 'P' as code 2022
Inserted '5OP' as code 2022
[DEBUG] Read code = 118 (size 11)
[DEBUG] Got code = 118
[DEBUG] Normal case: found entry for code 118 = P
[DEBUG] Inserting entry 'v' as code 2023
Inserted 'Pv' as code 2023
[DEBUG] Read code = 85 (size 11)
[DEBUG] Got code = 85
[DEBUG] Normal case: found entry for code 85 = v
[DEBUG] Inserting entry 'U' as code 2024
Inserted 'vU' as code 2024
[DEBUG] Read code = 1793 (size 11)
[DEBUG] Got code = 1793
[DEBUG] Normal case: found entry for code 1793 = U
[DEBUG] Inserting entry 'lRw' as code 2025
Inserted 'Ul' as code 2025
[DEBUG] Read code = 259 (size 11)
[DEBUG] Got code = 259
[DEBUG] Normal case: found entry for code 259 = lRw
[DEBUG] Inserting entry 'K+' as code 2026
Inserted 'lRwK' as code 2026
[DEBUG] Read code = 83 (size 11)
[DEBUG] Got code = 83
[DEBUG] Normal case: found entry for code 83 = K+
[DEBUG] Inserting entry 'S' as code 2027
Inserted 'K+S' as code 2027
[DEBUG] Read code = 476 (size 11)
[DEBUG] Got code = 476
[DEBUG] Normal case: found entry for code 476 = S
[DEBUG] Inserting entry 'ec' as code 2028
Inserted 'Se' as code 2028
[DEBUG] Read code = 423 (size 11)
[DEBUG] Got code = 423
[DEBUG] Normal case: found entry for code 423 = ec
[DEBUG] Inserting entry 'Dv' as code 2029
Inserted 'ecD' as code 2029
[DEBUG] Read code = 1589 (size 11)
[DEBUG] Got code = 1589
[DEBUG] Normal case: found entry for code 1589 = Dv
[DEBUG] Inserting entry 'Tt' as code 2030
Inserted 'DvT' as code 2030
[DEBUG] Read code = 115 (size 11)
[DEBUG] Got code = 115
[DEBUG] Normal case: found entry for code 115 = Tt
[DEBUG] Inserting entry 's' as code 2031
Inserted 'Tts' as code 2031
[DEBUG] Read code = 1323 (size 11)
[DEBUG] Got code = 1323
[DEBUG] Normal case: found entry for code 1323 = s
[DEBUG] Inserting entry 'PB' as code 2032
Inserted 'sP' as code 2032
[DEBUG] Read code = 81 (size 11)
[DEBUG] Got code = 81
[DEBUG] Normal case: found entry for code 81 = PB
[DEBUG] Inserting entry 'Q' as code 2033
Inserted 'PBQ' as code 2033
[DEBUG] Read code = 100 (size 11)
[DEBUG] Got code = 100
[DEBUG] Normal case: found entry for code 100 = Q
[DEBUG] Inserting entry 'd' as code 2034
Inserted 'Qd' as code 2034
[DEBUG] Read code = 775 (size 11)
[DEBUG] Got code = 775
[DEBUG] Normal case: found entry for code 775 = d
[DEBUG] Inserting entry '+8' as code 2035
Inserted 'd+' as code 2035
[DEBUG] Read code = 76 (size 11)
[DEBUG] Got code = 76
[DEBUG] Normal case: found entry for code 76 = +8
[DEBUG] Inserting entry 'L' as code 2036
Inserted '+8L' as code 2036
[DEBUG] Read code = 104 (size 11)
[DEBUG] Got code = 104
[DEBUG] Normal case: found entry for code 104 = L
[DEBUG] Inserting entry 'h' as code 2037
Inserted 'Lh' as code 2037
[DEBUG] Read code = 1782 (size 11)
[DEBUG] Got code = 1782
[DEBUG] Normal case: found entry for code 1782 = h
[DEBUG] Inserting entry '9V' as code 2038
Inserted 'h9' as code 2038
[DEBUG] Read code = 545 (size 11)
[DEBUG] Got code = 545
[DEBUG] Normal case: found entry for code 545 = 9V
[DEBUG] Inserting entry 'My' as code 2039
Inserted '9VM' as code 2039
[DEBUG] Read code = 112 (size 11)
[DEBUG] Got code = 112
[DEBUG] Normal case: found entry for code 112 = My
[DEBUG] Inserting entry 'p' as code 2040
Inserted 'Myp' as code 2040
[DEBUG] Read code = 111 (size 11)
[DEBUG] Got code = 111
[DEBUG] Normal case: found entry for code 111 = p
[DEBUG] Inserting entry 'o' as code 2041
Inserted 'po' as code 2041
[DEBUG] Read code = 698 (size 11)
[DEBUG] Got code = 698
[DEBUG] Normal case: found entry for code 698 = o
[DEBUG] Inserting entry 'K4' as code 2042
Inserted 'oK' as code 2042
[DEBUG] Read code = 65 (size 11)
[DEBUG] Got code = 65
[DEBUG] Normal case: found entry for code 65 = K4
[DEBUG] Inserting entry 'A' as code 2043
Inserted 'K4A' as code 2043
[DEBUG] Read code = 56 (size 11)
[DEBUG] Got code = 56
[DEBUG] Normal case: found entry for code 56 = A
[DEBUG] Inserting entry '8' as code 2044
Inserted 'A8' as code 2044
[DEBUG] Read code = 114 (size 11)
[DEBUG] Got code = 114
[DEBUG] Normal case: found entry for code 114 = 8
[DEBUG] Inserting entry 'r' as code 2045
Inserted '8r' as code 2045
[DEBUG] Read code = 72 (size 11)
[DEBUG] Got code = 72
[DEBUG] Normal case: found entry for code 72 = r
[DEBUG] Inserting entry 'H' as code 2046
Inserted 'rH' as code 2046
[DEBUG] Read code = 122 (size 11)
[DEBUG] Got code = 122
[DEBUG] Normal case: found entry for code 122 = H
[DEBUG] Inserting entry 'z' as code 2047
Inserted 'Hz' as code 2047
[DEBUG] Increased codeSize to 12 due to full dictionary
[DEBUG] Read code = 0 (size 12)
[DEBUG] Got code = 0
[DEBUG] Normal case: found entry for code 0 = z
[DEBUG] Inserting entry '' as code 2048
Inserted 'z' as code 2048
[DEBUG] Read code = 224 (size 12)
[DEBUG] Got code = 224
[DEBUG] Normal case: found entry for code 224 = 
[DEBUG] Inserting entry 'à' as code 2049
Inserted 'à' as code 2049
[DEBUG] Read code = 178 (size 12)
[DEBUG] Got code = 178
[DEBUG] Normal case: found entry for code 178 = à
[DEBUG] Inserting entry '²' as code 2050
Inserted 'à²' as code 2050
[DEBUG] Read code = 2812 (size 12)
[DEBUG] Got code = 2812
Invalid code: 2812 (nextCode = 2051, codeSize = 12)
